File;Number of same questions;questions; 
Mario/deepseek/sheet_10_annotations_JAKIMOSKI.csv;9;[['What was PS0KY attempting to convey with their unclear utterance?', 'What was PS0KY attempting to convey with their unclear utterance?', 'What was PS0KY attempting to convey with their unclear utterance?', 'What was PS0KY attempting to convey with their unclear utterance?', 2.0, 2.0, 2.0, 2.0], ['How does this unclear part impact the overall meaning or intent of their previous statement?', 'How does this unclear part impact the overall meaning or intent of their previous statement?', 'How does this unclear part impact the overall meaning or intent of their previous statement?', 'How does this unclear part impact the overall meaning or intent of their previous statement?', 2.0, 2.0, 2.0, 2.0], ["To what extent does the lack of clarity in PS0KY's utterance affect the conversational trajectory?", "To what extent does the lack of clarity in PS0KY's utterance affect the conversational trajectory?", "To what extent does the lack of clarity in PS0KY's utterance affect the conversational trajectory?", "To what extent does the lack of clarity in PS0KY's utterance affect the conversational trajectory?", 2.0, 2.0, 2.0, 2.0], [nan, nan, nan, nan, 0.0, 0.0, 0.0, 0.0], ['How does this "Yeah." affect the subsequent QUD stack?', 'How does this "Yeah." affect the subsequent QUD stack?', 'How does this "Yeah." affect the subsequent QUD stack?', 'How does this "Yeah." affect the subsequent QUD stack?', 0.0, 0.0, 0.0, 0.0], [nan, nan, nan, nan, 0.0, 0.0, 0.0, 0.0], [nan, nan, nan, nan, 0.0, 0.0, 0.0, 0.0], ['How does this choice of centrepiece affect the overall design or composition?', 'How does this choice of centrepiece affect the overall design or composition?', 'How does this choice of centrepiece affect the overall design or composition?', 'How does this choice of centrepiece affect the overall design or composition?', 5.0, 5.0, 5.0, 5.0], ['Why did PS0KY choose to partially reveal their concern about the spikes, and what might prevent them from completing the thought?', 'Why did PS0KY choose to partially reveal their concern about the spikes, and what might prevent them from completing the thought?', 'Why did PS0KY choose to partially reveal their concern about the spikes, and what might prevent them from completing the thought?', 'Why did PS0KY choose to partially reveal their concern about the spikes, and what might prevent them from completing the thought?', 2.0, 2.0, 2.0, 2.0]] 
Mario/deepseek/sheet_13_annotations_JAKIMOSKI.csv;5;[[nan, nan, nan, nan, 0.0, 0.0, 0.0, 0.0], [nan, nan, nan, nan, 0.0, 0.0, 0.0, 0.0], [nan, nan, nan, nan, 0.0, 0.0, 0.0, 0.0], [nan, nan, nan, nan, 0.0, 0.0, 0.0, 0.0], [nan, nan, nan, nan, 0.0, 0.0, 0.0, 0.0]] 
Mario/deepseek/sheet_19_annotations_JAKIMOSKI.csv;8;[[nan, nan, nan, nan, 0.0, 0.0, 0.0, 0.0], [nan, nan, nan, nan, 0.0, 0.0, 0.0, 0.0], ['How would the liberation of Kuwait be prioritized relative to the destruction of the Iraqi regime and military?', 'How would the liberation of Kuwait be prioritized relative to the destruction of the Iraqi regime and military?', 'How would the liberation of Kuwait be prioritized relative to the destruction of the Iraqi regime and military?', 'How would the liberation of Kuwait be prioritized relative to the destruction of the Iraqi regime and military?', 8.0, 8.0, 8.0, 8.0], ["Okay, here are three salient, progressive questions stemming from PS5VN's final question, remaining unanswered in the provided context:", "Okay, here are three salient, progressive questions stemming from PS5VN's final question, remaining unanswered in the provided context:", "Okay, here are three salient, progressive questions stemming from PS5VN's final question, remaining unanswered in the provided context:", "Okay, here are three salient, progressive questions stemming from PS5VN's final question, remaining unanswered in the provided context:", 0.0, 0.0, 0.0, 0.0], ['Why was there such a complete absence of controls, even during a financial crisis?', 'Why was there such a complete absence of controls, even during a financial crisis?', 'Why was there such a complete absence of controls, even during a financial crisis?', 'Why was there such a complete absence of controls, even during a financial crisis?', 8.0, 8.0, 8.0, 8.0], ["Did this policy ever lead to negative consequences for Kuwait's economy or stability?", "Did this policy ever lead to negative consequences for Kuwait's economy or stability?", "Did this policy ever lead to negative consequences for Kuwait's economy or stability?", "Did this policy ever lead to negative consequences for Kuwait's economy or stability?", 8.0, 8.0, 8.0, 8.0], [nan, nan, nan, nan, 0.0, 0.0, 0.0, 0.0], [nan, nan, nan, nan, 0.0, 0.0, 0.0, 0.0]] 
Mario/deepseek/sheet_30_annotations_JAKIMOSKI.csv;12;[[nan, nan, nan, nan, 0.0, 0.0, 0.0, 0], ['How is risk-taking theory connected to disaster research?', 'How is risk-taking theory connected to disaster research?', 'How is risk-taking theory connected to disaster research?', 'How is risk-taking theory connected to disaster research?', 8.0, 8.0, 8.0, 8], [nan, nan, nan, nan, 0.0, 0.0, 0.0, 0], ['To what extent do you differentiate between the methodologies used for researching different types of specific disasters, like floods versus earthquakes?', 'To what extent do you differentiate between the methodologies used for researching different types of specific disasters, like floods versus earthquakes?', 'To what extent do you differentiate between the methodologies used for researching different types of specific disasters, like floods versus earthquakes?', 'To what extent do you differentiate between the methodologies used for researching different types of specific disasters, like floods versus earthquakes?', 8.0, 8.0, 8.0, 8], ['How do you prioritize funding or attention for researching less frequent but potentially catastrophic disasters compared to more common ones?', 'How do you prioritize funding or attention for researching less frequent but potentially catastrophic disasters compared to more common ones?', 'How do you prioritize funding or attention for researching less frequent but potentially catastrophic disasters compared to more common ones?', 'How do you prioritize funding or attention for researching less frequent but potentially catastrophic disasters compared to more common ones?', 8.0, 8.0, 8.0, 8], ['What are some concrete examples of how research on specific disasters, like floods, has directly led to improved prevention or response measures?', 'What are some concrete examples of how research on specific disasters, like floods, has directly led to improved prevention or response measures?', 'What are some concrete examples of how research on specific disasters, like floods, has directly led to improved prevention or response measures?', 'What are some concrete examples of how research on specific disasters, like floods, has directly led to improved prevention or response measures?', 8.0, 8.0, 8.0, 8], ['How do you determine which disasters require direct field observation versus which can be effectively modeled or analyzed through historical data alone?', 'How do you determine which disasters require direct field observation versus which can be effectively modeled or analyzed through historical data alone?', 'How do you determine which disasters require direct field observation versus which can be effectively modeled or analyzed through historical data alone?', 'How do you determine which disasters require direct field observation versus which can be effectively modeled or analyzed through historical data alone?', 8.0, 8.0, 8.0, 8], ['What specific types of disasters does Dr. Francis de Souza perceive as particularly relevant or imminent for the country mentioned in her books?', 'What specific types of disasters does Dr. Francis de Souza perceive as particularly relevant or imminent for the country mentioned in her books?', 'What specific types of disasters does Dr. Francis de Souza perceive as particularly relevant or imminent for the country mentioned in her books?', 'What specific types of disasters does Dr. Francis de Souza perceive as particularly relevant or imminent for the country mentioned in her books?', 8.0, 8.0, 8.0, 8], ['*   What is the relationship between the impact of disasters on individuals and the large-scale societal or national-level consequences?', '*   What is the relationship between the impact of disasters on individuals and the large-scale societal or national-level consequences?', '*   What is the relationship between the impact of disasters on individuals and the large-scale societal or national-level consequences?', '*   What is the relationship between the impact of disasters on individuals and the large-scale societal or national-level consequences?', 8.0, 8.0, 8.0, 8], ['*   What is the relationship between the impact of disasters on individuals and the large-scale societal or national-level consequences?', '*   What is the relationship between the impact of disasters on individuals and the large-scale societal or national-level consequences?', '*   What is the relationship between the impact of disasters on individuals and the large-scale societal or national-level consequences?', '*   What is the relationship between the impact of disasters on individuals and the large-scale societal or national-level consequences?', 8.0, 8.0, 8.0, 8], [nan, nan, nan, nan, 0.0, 0.0, 0.0, 0], [nan, nan, nan, nan, 0.0, 0.0, 0.0, 0]] 
Mario/deepseek/sheet_38_annotations_JAKIMOSKI.csv;4;[[nan, nan, nan, nan, 0.0, 0.0, 0.0, 0.0], [nan, nan, nan, nan, 0.0, 0.0, 0.0, 0.0], ['Did you catch a lot of rabbits ?', 'Did you catch a lot of rabbits ?', 'Did you catch a lot of rabbits ?', 'Did you catch a lot of rabbits ?', 8.0, 8.0, 8.0, 8.0], ['What did you do with the rabbits you caught ?', 'What did you do with the rabbits you caught ?', 'What did you do with the rabbits you caught ?', 'What did you do with the rabbits you caught ?', 8.0, 8.0, 8.0, 8.0]] 
Mario/deepseek/sheet_39_annotations_JAKIMOSKI.csv;3;[[nan, nan, nan, nan, 0.0, 0.0, 0.0, 0.0], ["3. Why did the parent find the child's statement unclear?", "3. Why did the parent find the child's statement unclear?", "3. Why did the parent find the child's statement unclear?", "3. Why did the parent find the child's statement unclear?", 2.0, 2.0, 2.0, 2.0], ['What does the brevity of the response reveal about the strategic management of the Question Under Discussion at this point in the conversation?', 'What does the brevity of the response reveal about the strategic management of the Question Under Discussion at this point in the conversation?', 'What does the brevity of the response reveal about the strategic management of the Question Under Discussion at this point in the conversation?', 'What does the brevity of the response reveal about the strategic management of the Question Under Discussion at this point in the conversation?', 0.0, 0.0, 0.0, 0.0]] 
Mario/deepseek/sheet_50_annotations_JAKIMOSKI.csv;7;[[nan, nan, nan, nan, 0.0, 0.0, 0.0, 0.0], ["What specific aspect of KCEPSUNK's utterance was unclear or ambiguous?", "What specific aspect of KCEPSUNK's utterance was unclear or ambiguous?", "What specific aspect of KCEPSUNK's utterance was unclear or ambiguous?", "What specific aspect of KCEPSUNK's utterance was unclear or ambiguous?", 2.0, 2.0, 2.0, 2.0], ['What was KCEPSUNK likely trying to convey or ask before the utterance became unclear?', 'What was KCEPSUNK likely trying to convey or ask before the utterance became unclear?', 'What was KCEPSUNK likely trying to convey or ask before the utterance became unclear?', 'What was KCEPSUNK likely trying to convey or ask before the utterance became unclear?', 2.0, 2.0, 2.0, 2.0], ['What was the specific nature or content of the unclear action or event itself?', 'What was the specific nature or content of the unclear action or event itself?', 'What was the specific nature or content of the unclear action or event itself?', 'What was the specific nature or content of the unclear action or event itself?', 2.0, 2.0, 2.0, 2.0], [nan, nan, nan, nan, 0.0, 0.0, 0.0, 0.0], ['What specific aspect of the ongoing conversation (perhaps the mention of Neil, the seafront, or the previous laughter) does PS0EH\'s "Sshh" primarily seek to address or redirect, given the principles of relevance defined by the QUD framework?', 'What specific aspect of the ongoing conversation (perhaps the mention of Neil, the seafront, or the previous laughter) does PS0EH\'s "Sshh" primarily seek to address or redirect, given the principles of relevance defined by the QUD framework?', 'What specific aspect of the ongoing conversation (perhaps the mention of Neil, the seafront, or the previous laughter) does PS0EH\'s "Sshh" primarily seek to address or redirect, given the principles of relevance defined by the QUD framework?', 'What specific aspect of the ongoing conversation (perhaps the mention of Neil, the seafront, or the previous laughter) does PS0EH\'s "Sshh" primarily seek to address or redirect, given the principles of relevance defined by the QUD framework?', 0.0, 0.0, 0.0, 0.0], [nan, nan, nan, nan, 0.0, 0.0, 0.0, 0.0]] 
Mario/deepseek/sheet_7_annotations_JAKIMOSKI.csv;11;[[nan, nan, nan, nan, 0.0, 0.0, 0.0, 0.0], [nan, nan, nan, nan, 0.0, 0.0, 0.0, 0.0], ["PS1VH: Oh I 'm sorry dear .", "PS1VH: Oh I 'm sorry dear .", "PS1VH: Oh I 'm sorry dear .", "PS1VH: Oh I 'm sorry dear .", 0.0, 0.0, 0.0, 0.0], [nan, nan, nan, nan, 0.0, 0.0, 0.0, 0.0], ['PS1VH: Yeah . ... And after that we have a man called Heg ... Would that be okay for you David ?', 'PS1VH: Yeah . ... And after that we have a man called Heg ... Would that be okay for you David ?', 'PS1VH: Yeah . ... And after that we have a man called Heg ... Would that be okay for you David ?', 'PS1VH: Yeah . ... And after that we have a man called Heg ... Would that be okay for you David ?', 0.0, 0.0, 0.0, 0.0], [nan, nan, nan, nan, 0.0, 0.0, 0.0, 0.0], ['3. Considering the QUD framework, where a move must be relevant to the question currently under discussion, how does the vague response "Yeah ." relate to the question about Maria, and what unresolved issue does this leave for the dialogue to progress?', '3. Considering the QUD framework, where a move must be relevant to the question currently under discussion, how does the vague response "Yeah ." relate to the question about Maria, and what unresolved issue does this leave for the dialogue to progress?', '3. Considering the QUD framework, where a move must be relevant to the question currently under discussion, how does the vague response "Yeah ." relate to the question about Maria, and what unresolved issue does this leave for the dialogue to progress?', '3. Considering the QUD framework, where a move must be relevant to the question currently under discussion, how does the vague response "Yeah ." relate to the question about Maria, and what unresolved issue does this leave for the dialogue to progress?', 0.0, 0.0, 0.0, 0.0], ['Could the [unclear] part have been related to a previous unclear point in the casting process or the sketch details?', 'Could the [unclear] part have been related to a previous unclear point in the casting process or the sketch details?', 'Could the [unclear] part have been related to a previous unclear point in the casting process or the sketch details?', 'Could the [unclear] part have been related to a previous unclear point in the casting process or the sketch details?', 2.0, 2.0, 2.0, 2.0], ["What prompted the facilitator's apology and the '[unclear]' marker in their response?", "What prompted the facilitator's apology and the '[unclear]' marker in their response?", "What prompted the facilitator's apology and the '[unclear]' marker in their response?", "What prompted the facilitator's apology and the '[unclear]' marker in their response?", 2.0, 2.0, 2.0, 2.0], ["What is the function or purpose of the '[unclear]' marker in this dialogue, and how does it affect the flow of information?", "What is the function or purpose of the '[unclear]' marker in this dialogue, and how does it affect the flow of information?", "What is the function or purpose of the '[unclear]' marker in this dialogue, and how does it affect the flow of information?", "What is the function or purpose of the '[unclear]' marker in this dialogue, and how does it affect the flow of information?", 2.0, 2.0, 2.0, 2.0], ['Which country is the main source of coffee for the UK market?', 'Which country is the main source of coffee for the UK market?', 'Which country is the main source of coffee for the UK market?', 'Which country is the main source of coffee for the UK market?', 8.0, 8.0, 8.0, 8.0]] 
Mario/gemma/sheet_10_annotations_JAKIMOSKI.csv;4;[['Why is it necessary to file them down?', 'Why is it necessary to file them down?', 'Why is it necessary to file them down?', 'Why is it necessary to file them down?', 8.0, 8.0, 8.0, 8.0], ['What exactly did PS0KY say in response to the comment about the substance being "quite runny"?', 'What exactly did PS0KY say in response to the comment about the substance being "quite runny"?', 'What exactly did PS0KY say in response to the comment about the substance being "quite runny"?', 'What exactly did PS0KY say in response to the comment about the substance being "quite runny"?', 2.0, 2.0, 2.0, 2.0], ['Was PS0KY agreeing with this observation or providing a counter-point?', 'Was PS0KY agreeing with this observation or providing a counter-point?', 'Was PS0KY agreeing with this observation or providing a counter-point?', 'Was PS0KY agreeing with this observation or providing a counter-point?', 2.0, 2.0, 2.0, 2.0], ['Are you aiming for a specific effect, or just experimenting to see what happens?', 'Are you aiming for a specific effect, or just experimenting to see what happens?', 'Are you aiming for a specific effect, or just experimenting to see what happens?', 'Are you aiming for a specific effect, or just experimenting to see what happens?', 8.0, 8.0, 8.0, 8.0]] 
Mario/gemma/sheet_13_annotations_JAKIMOSKI.csv;8;[['If the motivation to maintain this structure is based on these perceived benefits, what would have to change for men to see more value in equality than in dominance?', 'If the motivation to maintain this structure is based on these perceived benefits, what would have to change for men to see more value in equality than in dominance?', 'If the motivation to maintain this structure is based on these perceived benefits, what would have to change for men to see more value in equality than in dominance?', 'If the motivation to maintain this structure is based on these perceived benefits, what would have to change for men to see more value in equality than in dominance?', 8.0, 8.0, 8.0, 8.0], ['Does this evidence of misogyny manifest more in systemic, institutionalized ways or through individual interpersonal behaviors?', 'Does this evidence of misogyny manifest more in systemic, institutionalized ways or through individual interpersonal behaviors?', 'Does this evidence of misogyny manifest more in systemic, institutionalized ways or through individual interpersonal behaviors?', 'Does this evidence of misogyny manifest more in systemic, institutionalized ways or through individual interpersonal behaviors?', 8.0, 8.0, 8.0, 8.0], ["How does the specific nature of this evidence link back to the theory that it is driven by a fear of women's power?", "How does the specific nature of this evidence link back to the theory that it is driven by a fear of women's power?", "How does the specific nature of this evidence link back to the theory that it is driven by a fear of women's power?", "How does the specific nature of this evidence link back to the theory that it is driven by a fear of women's power?", 8.0, 8.0, 8.0, 8.0], ['Since you raised him without a father figure, what specific observations convinced you that these traits were innate rather than influenced by the wider society?', 'Since you raised him without a father figure, what specific observations convinced you that these traits were innate rather than influenced by the wider society?', 'Since you raised him without a father figure, what specific observations convinced you that these traits were innate rather than influenced by the wider society?', 'Since you raised him without a father figure, what specific observations convinced you that these traits were innate rather than influenced by the wider society?', 8.0, 8.0, 8.0, 8.0], ['Why do you think the mother-in-law specifically is the one who "gets the brunt of everything" compared to other female figures?', 'Why do you think the mother-in-law specifically is the one who "gets the brunt of everything" compared to other female figures?', 'Why do you think the mother-in-law specifically is the one who "gets the brunt of everything" compared to other female figures?', 'Why do you think the mother-in-law specifically is the one who "gets the brunt of everything" compared to other female figures?', 8.0, 8.0, 8.0, 8.0], ['Do you believe this dislike is rooted in the specific power dynamics of the family role rather than a general dislike of women?', 'Do you believe this dislike is rooted in the specific power dynamics of the family role rather than a general dislike of women?', 'Do you believe this dislike is rooted in the specific power dynamics of the family role rather than a general dislike of women?', 'Do you believe this dislike is rooted in the specific power dynamics of the family role rather than a general dislike of women?', 8.0, 8.0, 8.0, 8.0], ['Does this tendency to perceive the mother-in-law as always being "wrong" stem from the same societal conditioning and gender roles we were discussing earlier?', 'Does this tendency to perceive the mother-in-law as always being "wrong" stem from the same societal conditioning and gender roles we were discussing earlier?', 'Does this tendency to perceive the mother-in-law as always being "wrong" stem from the same societal conditioning and gender roles we were discussing earlier?', 'Does this tendency to perceive the mother-in-law as always being "wrong" stem from the same societal conditioning and gender roles we were discussing earlier?', 8.0, 8.0, 8.0, 8.0], ["Was there any official appeal or public backlash following the Sheriff's justification?", "Was there any official appeal or public backlash following the Sheriff's justification?", "Was there any official appeal or public backlash following the Sheriff's justification?", "Was there any official appeal or public backlash following the Sheriff's justification?", 8.0, 8.0, 8.0, 8.0]] 
Mario/gemma/sheet_19_annotations_JAKIMOSKI.csv;16;[['To what extent is this apprehension rooted in the fear of a protracted conflict as opposed to the fear of casualties?', 'To what extent is this apprehension rooted in the fear of a protracted conflict as opposed to the fear of casualties?', 'To what extent is this apprehension rooted in the fear of a protracted conflict as opposed to the fear of casualties?', 'To what extent is this apprehension rooted in the fear of a protracted conflict as opposed to the fear of casualties?', 8.0, 8.0, 8.0, 8.0], ['Did you have the assistance of any clandestine networks or foreign allies to facilitate your safe passage?', 'Did you have the assistance of any clandestine networks or foreign allies to facilitate your safe passage?', 'Did you have the assistance of any clandestine networks or foreign allies to facilitate your safe passage?', 'Did you have the assistance of any clandestine networks or foreign allies to facilitate your safe passage?', 8.0, 8.0, 8.0, 8.0], ['Through what means are you able to maintain contact with people still inside Kuwait?', 'Through what means are you able to maintain contact with people still inside Kuwait?', 'Through what means are you able to maintain contact with people still inside Kuwait?', 'Through what means are you able to maintain contact with people still inside Kuwait?', 8.0, 8.0, 8.0, 8.0], ['What have they described as the most critical challenges they are facing regarding their daily survival?', 'What have they described as the most critical challenges they are facing regarding their daily survival?', 'What have they described as the most critical challenges they are facing regarding their daily survival?', 'What have they described as the most critical challenges they are facing regarding their daily survival?', 8.0, 8.0, 8.0, 8.0], ['Have you received any specific news about the fate of the friends who were unable to complete the escape with you?', 'Have you received any specific news about the fate of the friends who were unable to complete the escape with you?', 'Have you received any specific news about the fate of the friends who were unable to complete the escape with you?', 'Have you received any specific news about the fate of the friends who were unable to complete the escape with you?', 8.0, 8.0, 8.0, 8.0], ['What is the current state of the art gallery given the Iraqi occupation?', 'What is the current state of the art gallery given the Iraqi occupation?', 'What is the current state of the art gallery given the Iraqi occupation?', 'What is the current state of the art gallery given the Iraqi occupation?', 8.0, 8.0, 8.0, 8.0], ['How has the conflict impacted the ability to maintain cultural and artistic expressions in Kuwait?', 'How has the conflict impacted the ability to maintain cultural and artistic expressions in Kuwait?', 'How has the conflict impacted the ability to maintain cultural and artistic expressions in Kuwait?', 'How has the conflict impacted the ability to maintain cultural and artistic expressions in Kuwait?', 8.0, 8.0, 8.0, 8.0], ['If the Iraqi forces have already stripped the country of its utilities, what specific surgical targets remain that are vital to the military effort but not the civilian population?', 'If the Iraqi forces have already stripped the country of its utilities, what specific surgical targets remain that are vital to the military effort but not the civilian population?', 'If the Iraqi forces have already stripped the country of its utilities, what specific surgical targets remain that are vital to the military effort but not the civilian population?', 'If the Iraqi forces have already stripped the country of its utilities, what specific surgical targets remain that are vital to the military effort but not the civilian population?', 8.0, 8.0, 8.0, 8.0], ['Is it possible to liberate Kuwait without fundamentally destroying the Iraqi military and regime?', 'Is it possible to liberate Kuwait without fundamentally destroying the Iraqi military and regime?', 'Is it possible to liberate Kuwait without fundamentally destroying the Iraqi military and regime?', 'Is it possible to liberate Kuwait without fundamentally destroying the Iraqi military and regime?', 8.0, 8.0, 8.0, 8.0], ['If the priority is shifted toward destroying the Iraqi regime, does the risk of collateral damage to Kuwaiti infrastructure increase?', 'If the priority is shifted toward destroying the Iraqi regime, does the risk of collateral damage to Kuwaiti infrastructure increase?', 'If the priority is shifted toward destroying the Iraqi regime, does the risk of collateral damage to Kuwaiti infrastructure increase?', 'If the priority is shifted toward destroying the Iraqi regime, does the risk of collateral damage to Kuwaiti infrastructure increase?', 8.0, 8.0, 8.0, 8.0], ['Was there any limit or restriction on the amount of money they could transfer back to their home countries?', 'Was there any limit or restriction on the amount of money they could transfer back to their home countries?', 'Was there any limit or restriction on the amount of money they could transfer back to their home countries?', 'Was there any limit or restriction on the amount of money they could transfer back to their home countries?', 8.0, 8.0, 8.0, 8.0], ['When did this stock market crash occur, and how severe was the resulting financial crisis?', 'When did this stock market crash occur, and how severe was the resulting financial crisis?', 'When did this stock market crash occur, and how severe was the resulting financial crisis?', 'When did this stock market crash occur, and how severe was the resulting financial crisis?', 8.0, 8.0, 8.0, 8.0], ['Why did the government decide against imposing capital controls to prevent money from leaving the country during that period of instability?', 'Why did the government decide against imposing capital controls to prevent money from leaving the country during that period of instability?', 'Why did the government decide against imposing capital controls to prevent money from leaving the country during that period of instability?', 'Why did the government decide against imposing capital controls to prevent money from leaving the country during that period of instability?', 8.0, 8.0, 8.0, 8.0], ['Did this level of financial and movement freedom contribute to the high number of expatriates choosing to settle in Kuwait compared to other Gulf states?', 'Did this level of financial and movement freedom contribute to the high number of expatriates choosing to settle in Kuwait compared to other Gulf states?', 'Did this level of financial and movement freedom contribute to the high number of expatriates choosing to settle in Kuwait compared to other Gulf states?', 'Did this level of financial and movement freedom contribute to the high number of expatriates choosing to settle in Kuwait compared to other Gulf states?', 8.0, 8.0, 8.0, 8.0], ['How did the government manage to prevent a total economic collapse if there were no restrictions on capital flight during the stock market crash?', 'How did the government manage to prevent a total economic collapse if there were no restrictions on capital flight during the stock market crash?', 'How did the government manage to prevent a total economic collapse if there were no restrictions on capital flight during the stock market crash?', 'How did the government manage to prevent a total economic collapse if there were no restrictions on capital flight during the stock market crash?', 8.0, 8.0, 8.0, 8.0], ['Was there any way for the ex-pats to access their funds or prove their ownership of assets once the Iraqi forces took control?', 'Was there any way for the ex-pats to access their funds or prove their ownership of assets once the Iraqi forces took control?', 'Was there any way for the ex-pats to access their funds or prove their ownership of assets once the Iraqi forces took control?', 'Was there any way for the ex-pats to access their funds or prove their ownership of assets once the Iraqi forces took control?', 8.0, 8.0, 8.0, 8.0]] 
Mario/gemma/sheet_30_annotations_JAKIMOSKI.csv;13;[['If a disaster is predicted but the necessary preventative measures are not taken, does the resulting catastrophe then stem from a failure of governance rather than the event itself?', 'If a disaster is predicted but the necessary preventative measures are not taken, does the resulting catastrophe then stem from a failure of governance rather than the event itself?', 'If a disaster is predicted but the necessary preventative measures are not taken, does the resulting catastrophe then stem from a failure of governance rather than the event itself?', 'If a disaster is predicted but the necessary preventative measures are not taken, does the resulting catastrophe then stem from a failure of governance rather than the event itself?', 8.0, 8.0, 8.0, 8], ['Which specific models or frameworks within risk-taking theory are most applicable to the work of the International Disaster Institute?', 'Which specific models or frameworks within risk-taking theory are most applicable to the work of the International Disaster Institute?', 'Which specific models or frameworks within risk-taking theory are most applicable to the work of the International Disaster Institute?', 'Which specific models or frameworks within risk-taking theory are most applicable to the work of the International Disaster Institute?', 8.0, 8.0, 8.0, 8], ["Can the application of risk-taking theory provide the concrete tools needed to overcome the current failures in the international relief community's response time?", "Can the application of risk-taking theory provide the concrete tools needed to overcome the current failures in the international relief community's response time?", "Can the application of risk-taking theory provide the concrete tools needed to overcome the current failures in the international relief community's response time?", "Can the application of risk-taking theory provide the concrete tools needed to overcome the current failures in the international relief community's response time?", 8.0, 8.0, 8.0, 8], ['Do you approach the research of these specific disasters through individual case studies of past events, or do you develop broader predictive models for these categories?', 'Do you approach the research of these specific disasters through individual case studies of past events, or do you develop broader predictive models for these categories?', 'Do you approach the research of these specific disasters through individual case studies of past events, or do you develop broader predictive models for these categories?', 'Do you approach the research of these specific disasters through individual case studies of past events, or do you develop broader predictive models for these categories?', 8.0, 8.0, 8.0, 8], ['How do you determine which specific disasters deserve the most research priority—is it based on the frequency of the events or the level of vulnerability in the affected populations?', 'How do you determine which specific disasters deserve the most research priority—is it based on the frequency of the events or the level of vulnerability in the affected populations?', 'How do you determine which specific disasters deserve the most research priority—is it based on the frequency of the events or the level of vulnerability in the affected populations?', 'How do you determine which specific disasters deserve the most research priority—is it based on the frequency of the events or the level of vulnerability in the affected populations?', 8.0, 8.0, 8.0, 8], ['To what extent are the findings from researching one specific type of disaster, such as floods, transferable to other types of catastrophes, or is each treated as a unique phenomenon?', 'To what extent are the findings from researching one specific type of disaster, such as floods, transferable to other types of catastrophes, or is each treated as a unique phenomenon?', 'To what extent are the findings from researching one specific type of disaster, such as floods, transferable to other types of catastrophes, or is each treated as a unique phenomenon?', 'To what extent are the findings from researching one specific type of disaster, such as floods, transferable to other types of catastrophes, or is each treated as a unique phenomenon?', 8.0, 8.0, 8.0, 8], ['If you use models, what are the primary variables you prioritize to ensure they remain applicable across different geographical and socio-economic contexts?', 'If you use models, what are the primary variables you prioritize to ensure they remain applicable across different geographical and socio-economic contexts?', 'If you use models, what are the primary variables you prioritize to ensure they remain applicable across different geographical and socio-economic contexts?', 'If you use models, what are the primary variables you prioritize to ensure they remain applicable across different geographical and socio-economic contexts?', 8.0, 8.0, 8.0, 8], ['How do you handle the inherent tension when the empirical data collected during a real disaster contradicts your established theoretical models?', 'How do you handle the inherent tension when the empirical data collected during a real disaster contradicts your established theoretical models?', 'How do you handle the inherent tension when the empirical data collected during a real disaster contradicts your established theoretical models?', 'How do you handle the inherent tension when the empirical data collected during a real disaster contradicts your established theoretical models?', 8.0, 8.0, 8.0, 8], ['To what extent does this synergy between modeling and field observation allow you to move from simply describing a disaster to actually preventing one?', 'To what extent does this synergy between modeling and field observation allow you to move from simply describing a disaster to actually preventing one?', 'To what extent does this synergy between modeling and field observation allow you to move from simply describing a disaster to actually preventing one?', 'To what extent does this synergy between modeling and field observation allow you to move from simply describing a disaster to actually preventing one?', 8.0, 8.0, 8.0, 8], ['Which specific bodies or governments are you primarily attempting to influence with your findings?', 'Which specific bodies or governments are you primarily attempting to influence with your findings?', 'Which specific bodies or governments are you primarily attempting to influence with your findings?', 'Which specific bodies or governments are you primarily attempting to influence with your findings?', 8.0, 8.0, 8.0, 8], ['How can the collaboration between specialized research bodies and these large voluntary agents be optimized to ensure that aid is delivered based on logical need rather than political or public pressure?', 'How can the collaboration between specialized research bodies and these large voluntary agents be optimized to ensure that aid is delivered based on logical need rather than political or public pressure?', 'How can the collaboration between specialized research bodies and these large voluntary agents be optimized to ensure that aid is delivered based on logical need rather than political or public pressure?', 'How can the collaboration between specialized research bodies and these large voluntary agents be optimized to ensure that aid is delivered based on logical need rather than political or public pressure?', 8.0, 8.0, 8.0, 8], ['Which specific region or situation currently serves as the most pressing example of a disaster in the making?', 'Which specific region or situation currently serves as the most pressing example of a disaster in the making?', 'Which specific region or situation currently serves as the most pressing example of a disaster in the making?', 'Which specific region or situation currently serves as the most pressing example of a disaster in the making?', 8.0, 8.0, 8.0, 8], ['Which specific region or situation currently serves as the most pressing example of a disaster in the making?', 'Which specific region or situation currently serves as the most pressing example of a disaster in the making?', 'Which specific region or situation currently serves as the most pressing example of a disaster in the making?', 'Which specific region or situation currently serves as the most pressing example of a disaster in the making?', 8.0, 8.0, 8.0, 8]] 
Mario/gemma/sheet_38_annotations_JAKIMOSKI.csv;5;[['What did you do with the rabbits once you had caught them?', 'What did you do with the rabbits once you had caught them?', 'What did you do with the rabbits once you had caught them?', 'What did you do with the rabbits once you had caught them?', 8.0, 8.0, 8.0, 8.0], ['Was it because they were considered the property of the farmer?', 'Was it because they were considered the property of the farmer?', 'Was it because they were considered the property of the farmer?', 'Was it because they were considered the property of the farmer?', 8.0, 8.0, 8.0, 8.0], ['Did you prefer the environment of the manual school compared to your regular classrooms?', 'Did you prefer the environment of the manual school compared to your regular classrooms?', 'Did you prefer the environment of the manual school compared to your regular classrooms?', 'Did you prefer the environment of the manual school compared to your regular classrooms?', 8.0, 8.0, 8.0, 8.0], ['Did you get to keep the things you made during those sessions?', 'Did you get to keep the things you made during those sessions?', 'Did you get to keep the things you made during those sessions?', 'Did you get to keep the things you made during those sessions?', 8.0, 8.0, 8.0, 8.0], ['Where was this place you used to march to for the games?', 'Where was this place you used to march to for the games?', 'Where was this place you used to march to for the games?', 'Where was this place you used to march to for the games?', 8.0, 8.0, 8.0, 8.0]] 
Mario/gemma/sheet_39_annotations_JAKIMOSKI.csv;6;[['Which store did you order it from?', 'Which store did you order it from?', 'Which store did you order it from?', 'Which store did you order it from?', 8.0, 8.0, 8.0, 8.0], ['What time tomorrow is it scheduled to arrive?', 'What time tomorrow is it scheduled to arrive?', 'What time tomorrow is it scheduled to arrive?', 'What time tomorrow is it scheduled to arrive?', 8.0, 8.0, 8.0, 8.0], ['Are we going specifically to purchase the paint we just discussed?', 'Are we going specifically to purchase the paint we just discussed?', 'Are we going specifically to purchase the paint we just discussed?', 'Are we going specifically to purchase the paint we just discussed?', 8.0, 8.0, 8.0, 8.0], ['Which specific paint shop are we going to?', 'Which specific paint shop are we going to?', 'Which specific paint shop are we going to?', 'Which specific paint shop are we going to?', 8.0, 8.0, 8.0, 8.0], ['Do we already know which colors and how much paint we need to buy?', 'Do we already know which colors and how much paint we need to buy?', 'Do we already know which colors and how much paint we need to buy?', 'Do we already know which colors and how much paint we need to buy?', 8.0, 8.0, 8.0, 8.0], ['Will the shop still be open if we head over there right now?', 'Will the shop still be open if we head over there right now?', 'Will the shop still be open if we head over there right now?', 'Will the shop still be open if we head over there right now?', 8.0, 8.0, 8.0, 8.0]] 
Mario/gemma/sheet_50_annotations_JAKIMOSKI.csv;3;[['What else did they do there?', 'What else did they do there?', 'What else did they do there?', 'What else did they do there?', 8.0, 8.0, 8.0, 8.0], ["What was the specific content of KCEPSUNK's utterance?", "What was the specific content of KCEPSUNK's utterance?", "What was the specific content of KCEPSUNK's utterance?", "What was the specific content of KCEPSUNK's utterance?", 2.0, 2.0, 2.0, 2.0], ['What exactly is he riding that makes him look like he is "having a ride in"?', 'What exactly is he riding that makes him look like he is "having a ride in"?', 'What exactly is he riding that makes him look like he is "having a ride in"?', 'What exactly is he riding that makes him look like he is "having a ride in"?', 8.0, 8.0, 8.0, 8.0]] 
Mario/gemma/sheet_7_annotations_JAKIMOSKI.csv;5;[["What instructions or clarifications were contained in the [unclear] portion of the utterance to address G3UPS002's confusion?", "What instructions or clarifications were contained in the [unclear] portion of the utterance to address G3UPS002's confusion?", "What instructions or clarifications were contained in the [unclear] portion of the utterance to address G3UPS002's confusion?", "What instructions or clarifications were contained in the [unclear] portion of the utterance to address G3UPS002's confusion?", 2.0, 2.0, 2.0, 2.0], ["What was the actual content of G3UPSUNK's utterance in response to the confusion expressed by G3UPS002 and G3UPS005?", "What was the actual content of G3UPSUNK's utterance in response to the confusion expressed by G3UPS002 and G3UPS005?", "What was the actual content of G3UPSUNK's utterance in response to the confusion expressed by G3UPS002 and G3UPS005?", "What was the actual content of G3UPSUNK's utterance in response to the confusion expressed by G3UPS002 and G3UPS005?", 2.0, 2.0, 2.0, 2.0], ['Which country is the main supplier of coffee that PS1VJ is referring to?', 'Which country is the main supplier of coffee that PS1VJ is referring to?', 'Which country is the main supplier of coffee that PS1VJ is referring to?', 'Which country is the main supplier of coffee that PS1VJ is referring to?', 8.0, 8.0, 8.0, 8.0], ['Why is Uganda currently the primary supplier of coffee to the UK?', 'Why is Uganda currently the primary supplier of coffee to the UK?', 'Why is Uganda currently the primary supplier of coffee to the UK?', 'Why is Uganda currently the primary supplier of coffee to the UK?', 8.0, 8.0, 8.0, 8.0], ['Does Traidcraft source its coffee directly from Uganda to ensure those farmers receive a fairer deal?', 'Does Traidcraft source its coffee directly from Uganda to ensure those farmers receive a fairer deal?', 'Does Traidcraft source its coffee directly from Uganda to ensure those farmers receive a fairer deal?', 'Does Traidcraft source its coffee directly from Uganda to ensure those farmers receive a fairer deal?', 8.0, 8.0, 8.0, 8.0]] 
Mario/llama/sheet_10_annotations_JAKIMOSKI.csv;5;[['Can you clarify what Eva was trying to ask with [unclear]?', 'Can you clarify what Eva was trying to ask with [unclear]?', 'Can you clarify what Eva was trying to ask with [unclear]?', 'Can you clarify what Eva was trying to ask with [unclear]?', 2.0, 2.0, 2.0, 2.0], [nan, nan, nan, nan, 0.0, 0.0, 0.0, 0.0], [nan, nan, nan, nan, 0.0, 0.0, 0.0, 0.0], [nan, nan, nan, nan, 0.0, 0.0, 0.0, 0.0], [nan, nan, nan, nan, 0.0, 0.0, 0.0, 0.0]] 
Mario/llama/sheet_13_annotations_JAKIMOSKI.csv;9;[['1. What specific forms or expressions of misogyny do you think are most prevalent in modern language and behavior that men use to "combat" women\'s power?', '1. What specific forms or expressions of misogyny do you think are most prevalent in modern language and behavior that men use to "combat" women\'s power?', '1. What specific forms or expressions of misogyny do you think are most prevalent in modern language and behavior that men use to "combat" women\'s power?', '1. What specific forms or expressions of misogyny do you think are most prevalent in modern language and behavior that men use to "combat" women\'s power?', 8.0, 8.0, 8.0, 8.0], ["3. Are there any possible sociolinguistic or power dynamics at play that might explain why women's voices and perspectives are often marginalized or excluded from dominant discourses?", "3. Are there any possible sociolinguistic or power dynamics at play that might explain why women's voices and perspectives are often marginalized or excluded from dominant discourses?", "3. Are there any possible sociolinguistic or power dynamics at play that might explain why women's voices and perspectives are often marginalized or excluded from dominant discourses?", "3. Are there any possible sociolinguistic or power dynamics at play that might explain why women's voices and perspectives are often marginalized or excluded from dominant discourses?", 8.0, 8.0, 8.0, 8.0], ['1. What does FL7PS000 mean by "I shouldn\'t ask you that should I" as a potentially loaded or unanswerable question, and what might be underlying assumptions about the speaker\'s relationship with the listener?', '1. What does FL7PS000 mean by "I shouldn\'t ask you that should I" as a potentially loaded or unanswerable question, and what might be underlying assumptions about the speaker\'s relationship with the listener?', '1. What does FL7PS000 mean by "I shouldn\'t ask you that should I" as a potentially loaded or unanswerable question, and what might be underlying assumptions about the speaker\'s relationship with the listener?', '1. What does FL7PS000 mean by "I shouldn\'t ask you that should I" as a potentially loaded or unanswerable question, and what might be underlying assumptions about the speaker\'s relationship with the listener?', 0.0, 0.0, 0.0, 0.0], ["2. Is there an implied expectation of disclosure or confession in FL7PS000's statement, and if so, what is it, and who bears the burden of providing such information?", "2. Is there an implied expectation of disclosure or confession in FL7PS000's statement, and if so, what is it, and who bears the burden of providing such information?", "2. Is there an implied expectation of disclosure or confession in FL7PS000's statement, and if so, what is it, and who bears the burden of providing such information?", "2. Is there an implied expectation of disclosure or confession in FL7PS000's statement, and if so, what is it, and who bears the burden of providing such information?", 0.0, 0.0, 0.0, 0.0], [nan, nan, nan, nan, 0.0, 0.0, 0.0, 0.0], [nan, nan, nan, nan, 0.0, 0.0, 0.0, 0.0], [nan, nan, nan, nan, 0.0, 0.0, 0.0, 0.0], [nan, nan, nan, nan, 0.0, 0.0, 0.0, 0.0], [nan, nan, nan, nan, 0.0, 0.0, 0.0, 0.0]] 
Mario/llama/sheet_19_annotations_JAKIMOSKI.csv;12;[['Were there any specific challenges or obstacles that made it difficult for you to escape safely?', 'Were there any specific challenges or obstacles that made it difficult for you to escape safely?', 'Were there any specific challenges or obstacles that made it difficult for you to escape safely?', 'Were there any specific challenges or obstacles that made it difficult for you to escape safely?', 8.0, 8.0, 8.0, 8.0], ['Did you have to rely on personal connections, such as friends or family members, to help facilitate your escape?', 'Did you have to rely on personal connections, such as friends or family members, to help facilitate your escape?', 'Did you have to rely on personal connections, such as friends or family members, to help facilitate your escape?', 'Did you have to rely on personal connections, such as friends or family members, to help facilitate your escape?', 8.0, 8.0, 8.0, 8.0], [nan, nan, nan, nan, 0.0, 0.0, 0.0, 0.0], ['How has Fareda managed her art gallery while living outside of Kuwait, and has she had to adapt her business practices in response to the current situation?', 'How has Fareda managed her art gallery while living outside of Kuwait, and has she had to adapt her business practices in response to the current situation?', 'How has Fareda managed her art gallery while living outside of Kuwait, and has she had to adapt her business practices in response to the current situation?', 'How has Fareda managed her art gallery while living outside of Kuwait, and has she had to adapt her business practices in response to the current situation?', 0.0, 0.0, 0.0, 0.0], [nan, nan, nan, nan, 0.0, 0.0, 0.0, 0.0], [nan, nan, nan, nan, 0.0, 0.0, 0.0, 0.0], [nan, nan, nan, nan, 0.0, 0.0, 0.0, 0.0], [nan, nan, nan, nan, 0.0, 0.0, 0.0, 0.0], [nan, nan, nan, nan, 0.0, 0.0, 0.0, 0.0], ["- How did the lack of control over capital movement affect the country's ability to implement fiscal policies during times of crisis, such as the financial crisis mentioned?", "- How did the lack of control over capital movement affect the country's ability to implement fiscal policies during times of crisis, such as the financial crisis mentioned?", "- How did the lack of control over capital movement affect the country's ability to implement fiscal policies during times of crisis, such as the financial crisis mentioned?", "- How did the lack of control over capital movement affect the country's ability to implement fiscal policies during times of crisis, such as the financial crisis mentioned?", 8.0, 8.0, 8.0, 8.0], ['What were the specific circumstances or measures that allowed Kuwait to maintain financial stability during times of economic crisis?', 'What were the specific circumstances or measures that allowed Kuwait to maintain financial stability during times of economic crisis?', 'What were the specific circumstances or measures that allowed Kuwait to maintain financial stability during times of economic crisis?', 'What were the specific circumstances or measures that allowed Kuwait to maintain financial stability during times of economic crisis?', 8.0, 8.0, 8.0, 8.0], ['Were there any measures taken by the government or companies to support the reintegration of ex-patriots who lost everything due to the invasion?', 'Were there any measures taken by the government or companies to support the reintegration of ex-patriots who lost everything due to the invasion?', 'Were there any measures taken by the government or companies to support the reintegration of ex-patriots who lost everything due to the invasion?', 'Were there any measures taken by the government or companies to support the reintegration of ex-patriots who lost everything due to the invasion?', 8.0, 8.0, 8.0, 8.0]] 
Mario/llama/sheet_30_annotations_JAKIMOSKI.csv;20;[['Is there a point of inevitability at which a disaster becomes unavoidable regardless of preparation or action?', 'Is there a point of inevitability at which a disaster becomes unavoidable regardless of preparation or action?', 'Is there a point of inevitability at which a disaster becomes unavoidable regardless of preparation or action?', 'Is there a point of inevitability at which a disaster becomes unavoidable regardless of preparation or action?', 8.0, 8.0, 8.0, 8.0], [nan, nan, nan, nan, 0.0, 0.0, 0.0, 0.0], [nan, nan, nan, nan, 0.0, 0.0, 0.0, 0.0], ['Is risk-taking theory specifically focused on predicting the probability of disasters occurring at specific locations or times?', 'Is risk-taking theory specifically focused on predicting the probability of disasters occurring at specific locations or times?', 'Is risk-taking theory specifically focused on predicting the probability of disasters occurring at specific locations or times?', 'Is risk-taking theory specifically focused on predicting the probability of disasters occurring at specific locations or times?', 8.0, 8.0, 8.0, 8.0], ["How does the International Disaster Institute's approach to disaster research differ from a traditional risk-taking theory perspective?", "How does the International Disaster Institute's approach to disaster research differ from a traditional risk-taking theory perspective?", "How does the International Disaster Institute's approach to disaster research differ from a traditional risk-taking theory perspective?", "How does the International Disaster Institute's approach to disaster research differ from a traditional risk-taking theory perspective?", 8.0, 8.0, 8.0, 8.0], ['To what extent do specific disasters like floods or earthquakes have distinct risk profiles that can inform targeted interventions?', 'To what extent do specific disasters like floods or earthquakes have distinct risk profiles that can inform targeted interventions?', 'To what extent do specific disasters like floods or earthquakes have distinct risk profiles that can inform targeted interventions?', 'To what extent do specific disasters like floods or earthquakes have distinct risk profiles that can inform targeted interventions?', 8.0, 8.0, 8.0, 8.0], ["Can the International Disaster Institute's research on general disaster risk reduction be adapted to address more specific and nuanced disaster scenarios, such as those found in coastal communities?", "Can the International Disaster Institute's research on general disaster risk reduction be adapted to address more specific and nuanced disaster scenarios, such as those found in coastal communities?", "Can the International Disaster Institute's research on general disaster risk reduction be adapted to address more specific and nuanced disaster scenarios, such as those found in coastal communities?", "Can the International Disaster Institute's research on general disaster risk reduction be adapted to address more specific and nuanced disaster scenarios, such as those found in coastal communities?", 8.0, 8.0, 8.0, 8.0], ['To give you more context on the theoretical part behind this:', 'To give you more context on the theoretical part behind this:', 'To give you more context on the theoretical part behind this:', 'To give you more context on the theoretical part behind this:', 0.0, 0.0, 0.0, 0.0], [nan, nan, nan, nan, 0.0, 0.0, 0.0, 0.0], [nan, nan, nan, nan, 0.0, 0.0, 0.0, 0.0], ['Is there a risk assessment framework being overlooked for specific types of natural disasters common to this country, such as floods or landslides, which could be integrated into existing emergency planning and preparedness strategies?', 'Is there a risk assessment framework being overlooked for specific types of natural disasters common to this country, such as floods or landslides, which could be integrated into existing emergency planning and preparedness strategies?', 'Is there a risk assessment framework being overlooked for specific types of natural disasters common to this country, such as floods or landslides, which could be integrated into existing emergency planning and preparedness strategies?', 'Is there a risk assessment framework being overlooked for specific types of natural disasters common to this country, such as floods or landslides, which could be integrated into existing emergency planning and preparedness strategies?', 8.0, 8.0, 8.0, 8.0], [nan, nan, nan, nan, 0.0, 0.0, 0.0, 0.0], [nan, nan, nan, nan, 0.0, 0.0, 0.0, 0.0], [nan, nan, nan, nan, 0.0, 0.0, 0.0, 0.0], [nan, nan, nan, nan, 0.0, 0.0, 0.0, 0.0], [nan, nan, nan, nan, 0.0, 0.0, 0.0, 0.0], [nan, nan, nan, nan, 0.0, 0.0, 0.0, 0.0], ["Is there any research being conducted on the impact of climate change on Britain's railway network and infrastructure, particularly in terms of flooding and extreme weather events?", "Is there any research being conducted on the impact of climate change on Britain's railway network and infrastructure, particularly in terms of flooding and extreme weather events?", "Is there any research being conducted on the impact of climate change on Britain's railway network and infrastructure, particularly in terms of flooding and extreme weather events?", "Is there any research being conducted on the impact of climate change on Britain's railway network and infrastructure, particularly in terms of flooding and extreme weather events?", 8.0, 8.0, 8.0, 8.0], [nan, nan, nan, nan, 0.0, 0.0, 0.0, 0.0], ['1. What specific geographical region or country would you point to as an outstanding example for disaster preparedness and response, given its unique set of challenges and vulnerabilities?', '1. What specific geographical region or country would you point to as an outstanding example for disaster preparedness and response, given its unique set of challenges and vulnerabilities?', '1. What specific geographical region or country would you point to as an outstanding example for disaster preparedness and response, given its unique set of challenges and vulnerabilities?', '1. What specific geographical region or country would you point to as an outstanding example for disaster preparedness and response, given its unique set of challenges and vulnerabilities?', 8.0, 8.0, 8.0, 8.0]] 
Mario/llama/sheet_38_annotations_JAKIMOSKI.csv;7;[['Can you tell me what kind of work you did as a turnboy on the dredger at Ipswich Docks?', 'Can you tell me what kind of work you did as a turnboy on the dredger at Ipswich Docks?', 'Can you tell me what kind of work you did as a turnboy on the dredger at Ipswich Docks?', 'Can you tell me what kind of work you did as a turnboy on the dredger at Ipswich Docks?', 8.0, 8.0, 8.0, 8.0], [nan, nan, nan, nan, 0.0, 0.0, 0.0, 0.0], [nan, nan, nan, nan, 0.0, 0.0, 0.0, 0.0], [nan, nan, nan, nan, 0.0, 0.0, 0.0, 0.0], ['- What was the reason for not being allowed to keep the rabbits they were caught?', '- What was the reason for not being allowed to keep the rabbits they were caught?', '- What was the reason for not being allowed to keep the rabbits they were caught?', '- What was the reason for not being allowed to keep the rabbits they were caught?', 8.0, 8.0, 8.0, 8.0], ['Why did you go up to that place specifically for woodwork lessons ?', 'Why did you go up to that place specifically for woodwork lessons ?', 'Why did you go up to that place specifically for woodwork lessons ?', 'Why did you go up to that place specifically for woodwork lessons ?', 8.0, 8.0, 8.0, 8.0], ['How did you find the experience of using hand tools for woodwork?', 'How did you find the experience of using hand tools for woodwork?', 'How did you find the experience of using hand tools for woodwork?', 'How did you find the experience of using hand tools for woodwork?', 8.0, 8.0, 8.0, 8.0]] 
Mario/llama/sheet_39_annotations_JAKIMOSKI.csv;8;[[nan, nan, nan, nan, 0.0, 0.0, 0.0, 0.0], [nan, nan, nan, nan, 0.0, 0.0, 0.0, 0.0], ['What does PS0WN intend to communicate or clarify with "[unclear]"?', 'What does PS0WN intend to communicate or clarify with "[unclear]"?', 'What does PS0WN intend to communicate or clarify with "[unclear]"?', 'What does PS0WN intend to communicate or clarify with "[unclear]"?', 2.0, 2.0, 2.0, 2.0], [nan, nan, nan, nan, 0.0, 0.0, 0.0, 0.0], [nan, nan, nan, nan, 0.0, 0.0, 0.0, 0.0], [nan, nan, nan, nan, 0.0, 0.0, 0.0, 0.0], [nan, nan, nan, nan, 0.0, 0.0, 0.0, 0.0], ['To the paint shop.', 'To the paint shop.', 'To the paint shop.', 'To the paint shop.', 0.0, 0.0, 0.0, 0.0]] 
Mario/llama/sheet_50_annotations_JAKIMOSKI.csv;3;[['What does KCEPSUNK mean exactly?', 'What does KCEPSUNK mean exactly?', 'What does KCEPSUNK mean exactly?', 'What does KCEPSUNK mean exactly?', 2.0, 2.0, 2.0, 2.0], [nan, nan, nan, nan, 0.0, 0.0, 0.0, 0.0], [nan, nan, nan, nan, 0.0, 0.0, 0.0, 0.0]] 
Mario/llama/sheet_7_annotations_JAKIMOSKI.csv;12;[['Why did PS1VH say "Oh I\'m sorry dear" with no further explanation or apology for the interruption?', 'Why did PS1VH say "Oh I\'m sorry dear" with no further explanation or apology for the interruption?', 'Why did PS1VH say "Oh I\'m sorry dear" with no further explanation or apology for the interruption?', 'Why did PS1VH say "Oh I\'m sorry dear" with no further explanation or apology for the interruption?', 3.0, 3.0, 3.0, 3.0], ["What's on [unclear] that prompted PS1VJ to put it up?", "What's on [unclear] that prompted PS1VJ to put it up?", "What's on [unclear] that prompted PS1VJ to put it up?", "What's on [unclear] that prompted PS1VJ to put it up?", 2.0, 2.0, 2.0, 2.0], [nan, nan, nan, nan, 0.0, 0.0, 0.0, 0.0], [nan, nan, nan, nan, 0.0, 0.0, 0.0, 0.0], [nan, nan, nan, nan, 0.0, 0.0, 0.0, 0.0], [nan, nan, nan, nan, 0.0, 0.0, 0.0, 0.0], [nan, nan, nan, nan, 0.0, 0.0, 0.0, 0.0], [nan, nan, nan, nan, 0.0, 0.0, 0.0, 0.0], [nan, nan, nan, nan, 0.0, 0.0, 0.0, 0.0], [nan, nan, nan, nan, 0.0, 0.0, 0.0, 0.0], [nan, nan, nan, nan, 0.0, 0.0, 0.0, 0.0], [nan, nan, nan, nan, 0.0, 0.0, 0.0, 0.0]] 
Mario/mistral/sheet_10_annotations_JAKIMOSKI.csv;7;[['Why do you need to file them down?', 'Why do you need to file them down?', 'Why do you need to file them down?', 'Why do you need to file them down?', 8.0, 8.0, 8.0, 8.0], ['What was the unclear part that PS0KY intended to convey?', 'What was the unclear part that PS0KY intended to convey?', 'What was the unclear part that PS0KY intended to convey?', 'What was the unclear part that PS0KY intended to convey?', 2.0, 2.0, 2.0, 2.0], ["Could the unclear utterance be a response to KDBPSUNK's previous statement about the runny consistency?", "Could the unclear utterance be a response to KDBPSUNK's previous statement about the runny consistency?", "Could the unclear utterance be a response to KDBPSUNK's previous statement about the runny consistency?", "Could the unclear utterance be a response to KDBPSUNK's previous statement about the runny consistency?", 2.0, 2.0, 2.0, 2.0], ['Was PS0KY attempting to ask a question or provide additional information in the unclear utterance?', 'Was PS0KY attempting to ask a question or provide additional information in the unclear utterance?', 'Was PS0KY attempting to ask a question or provide additional information in the unclear utterance?', 'Was PS0KY attempting to ask a question or provide additional information in the unclear utterance?', 2.0, 2.0, 2.0, 2.0], ['What was unclear in your previous statement that you were referring to?', 'What was unclear in your previous statement that you were referring to?', 'What was unclear in your previous statement that you were referring to?', 'What was unclear in your previous statement that you were referring to?', 2.0, 2.0, 2.0, 2.0], ['What exactly is unclear about the spikes?', 'What exactly is unclear about the spikes?', 'What exactly is unclear about the spikes?', 'What exactly is unclear about the spikes?', 2.0, 2.0, 2.0, 2.0], ['How soon should the brushes be cleaned and reshaped to prevent the paint from drying and causing further issues?', 'How soon should the brushes be cleaned and reshaped to prevent the paint from drying and causing further issues?', 'How soon should the brushes be cleaned and reshaped to prevent the paint from drying and causing further issues?', 'How soon should the brushes be cleaned and reshaped to prevent the paint from drying and causing further issues?', 8.0, 8.0, 8.0, 8.0]] 
Mario/mistral/sheet_13_annotations_JAKIMOSKI.csv;10;[['Can you elaborate on why you think men are afraid of women?', 'Can you elaborate on why you think men are afraid of women?', 'Can you elaborate on why you think men are afraid of women?', 'Can you elaborate on why you think men are afraid of women?', 8.0, 8.0, 8.0, 8.0], ['What specific situations or behaviors have led you to this conclusion?', 'What specific situations or behaviors have led you to this conclusion?', 'What specific situations or behaviors have led you to this conclusion?', 'What specific situations or behaviors have led you to this conclusion?', 8.0, 8.0, 8.0, 8.0], ['How do you believe this fear manifests in everyday interactions between men and women?', 'How do you believe this fear manifests in everyday interactions between men and women?', 'How do you believe this fear manifests in everyday interactions between men and women?', 'How do you believe this fear manifests in everyday interactions between men and women?', 8.0, 8.0, 8.0, 8.0], ['Can you provide specific examples of misogynistic language or behavior that women have encountered?', 'Can you provide specific examples of misogynistic language or behavior that women have encountered?', 'Can you provide specific examples of misogynistic language or behavior that women have encountered?', 'Can you provide specific examples of misogynistic language or behavior that women have encountered?', 8.0, 8.0, 8.0, 8.0], ['How do you think this language shapes perceptions or behaviors towards women in society?', 'How do you think this language shapes perceptions or behaviors towards women in society?', 'How do you think this language shapes perceptions or behaviors towards women in society?', 'How do you think this language shapes perceptions or behaviors towards women in society?', 8.0, 8.0, 8.0, 8.0], ['How do you think this inbuilt nature in men can be addressed or changed?', 'How do you think this inbuilt nature in men can be addressed or changed?', 'How do you think this inbuilt nature in men can be addressed or changed?', 'How do you think this inbuilt nature in men can be addressed or changed?', 8.0, 8.0, 8.0, 8.0], ['What specific cultural or societal factors contribute to the widespread dislike of mother-in-laws?', 'What specific cultural or societal factors contribute to the widespread dislike of mother-in-laws?', 'What specific cultural or societal factors contribute to the widespread dislike of mother-in-laws?', 'What specific cultural or societal factors contribute to the widespread dislike of mother-in-laws?', 8.0, 8.0, 8.0, 8.0], ['How prevalent are these instances of lenient sentencing for domestic violence-related murders in the current legal system?', 'How prevalent are these instances of lenient sentencing for domestic violence-related murders in the current legal system?', 'How prevalent are these instances of lenient sentencing for domestic violence-related murders in the current legal system?', 'How prevalent are these instances of lenient sentencing for domestic violence-related murders in the current legal system?', 8.0, 8.0, 8.0, 8.0], ['What specific place was FL7PS007 referring to?', 'What specific place was FL7PS007 referring to?', 'What specific place was FL7PS007 referring to?', 'What specific place was FL7PS007 referring to?', 8.0, 8.0, 8.0, 8.0], ["What specific legal precedent or case law might have influenced the sheriff's decision in this instance?", "What specific legal precedent or case law might have influenced the sheriff's decision in this instance?", "What specific legal precedent or case law might have influenced the sheriff's decision in this instance?", "What specific legal precedent or case law might have influenced the sheriff's decision in this instance?", 8.0, 8.0, 8.0, 8.0]] 
Mario/mistral/sheet_19_annotations_JAKIMOSKI.csv;20;[['What specific strategies do you think could be employed to expedite the end of the war while minimizing casualties?', 'What specific strategies do you think could be employed to expedite the end of the war while minimizing casualties?', 'What specific strategies do you think could be employed to expedite the end of the war while minimizing casualties?', 'What specific strategies do you think could be employed to expedite the end of the war while minimizing casualties?', 8.0, 8.0, 8.0, 8.0], ["How do you assess the international community's role in influencing Saddam Hussein's actions during this conflict?", "How do you assess the international community's role in influencing Saddam Hussein's actions during this conflict?", "How do you assess the international community's role in influencing Saddam Hussein's actions during this conflict?", "How do you assess the international community's role in influencing Saddam Hussein's actions during this conflict?", 8.0, 8.0, 8.0, 8.0], ['What historical or cultural factors might be contributing to the prolonged nature of this war from your perspective?', 'What historical or cultural factors might be contributing to the prolonged nature of this war from your perspective?', 'What historical or cultural factors might be contributing to the prolonged nature of this war from your perspective?', 'What historical or cultural factors might be contributing to the prolonged nature of this war from your perspective?', 8.0, 8.0, 8.0, 8.0], ['Were there any particular dangers or obstacles you faced during your escape?', 'Were there any particular dangers or obstacles you faced during your escape?', 'Were there any particular dangers or obstacles you faced during your escape?', 'Were there any particular dangers or obstacles you faced during your escape?', 8.0, 8.0, 8.0, 8.0], ['Did you have any assistance or support from others while escaping?', 'Did you have any assistance or support from others while escaping?', 'Did you have any assistance or support from others while escaping?', 'Did you have any assistance or support from others while escaping?', 8.0, 8.0, 8.0, 8.0], ['What specific challenges are your friends in Kuwait currently facing?', 'What specific challenges are your friends in Kuwait currently facing?', 'What specific challenges are your friends in Kuwait currently facing?', 'What specific challenges are your friends in Kuwait currently facing?', 8.0, 8.0, 8.0, 8.0], ['How has the situation in Kuwait changed since you escaped?', 'How has the situation in Kuwait changed since you escaped?', 'How has the situation in Kuwait changed since you escaped?', 'How has the situation in Kuwait changed since you escaped?', 8.0, 8.0, 8.0, 8.0], ['Are there any particular needs or requests your friends in Kuwait have shared with you?', 'Are there any particular needs or requests your friends in Kuwait have shared with you?', 'Are there any particular needs or requests your friends in Kuwait have shared with you?', 'Are there any particular needs or requests your friends in Kuwait have shared with you?', 8.0, 8.0, 8.0, 8.0], ['What specific examples of "surgical" or "sight bombing" have been observed in Kuwait?', 'What specific examples of "surgical" or "sight bombing" have been observed in Kuwait?', 'What specific examples of "surgical" or "sight bombing" have been observed in Kuwait?', 'What specific examples of "surgical" or "sight bombing" have been observed in Kuwait?', 8.0, 8.0, 8.0, 8.0], ['How effective have these targeted strikes been in minimizing collateral damage to civilian areas?', 'How effective have these targeted strikes been in minimizing collateral damage to civilian areas?', 'How effective have these targeted strikes been in minimizing collateral damage to civilian areas?', 'How effective have these targeted strikes been in minimizing collateral damage to civilian areas?', 8.0, 8.0, 8.0, 8.0], ['Are there any reports of civilian casualties or significant disruptions to daily life due to the Allied bombing tactics?', 'Are there any reports of civilian casualties or significant disruptions to daily life due to the Allied bombing tactics?', 'Are there any reports of civilian casualties or significant disruptions to daily life due to the Allied bombing tactics?', 'Are there any reports of civilian casualties or significant disruptions to daily life due to the Allied bombing tactics?', 8.0, 8.0, 8.0, 8.0], ['What specific strategies are the allies employing to distinguish between military and civilian targets?', 'What specific strategies are the allies employing to distinguish between military and civilian targets?', 'What specific strategies are the allies employing to distinguish between military and civilian targets?', 'What specific strategies are the allies employing to distinguish between military and civilian targets?', 8.0, 8.0, 8.0, 8.0], ['How do the allies plan to ensure the long-term stability and governance of Kuwait post-liberation?', 'How do the allies plan to ensure the long-term stability and governance of Kuwait post-liberation?', 'How do the allies plan to ensure the long-term stability and governance of Kuwait post-liberation?', 'How do the allies plan to ensure the long-term stability and governance of Kuwait post-liberation?', 8.0, 8.0, 8.0, 8.0], ['What are the potential consequences for the region if the Iraqi regime is not completely dismantled?', 'What are the potential consequences for the region if the Iraqi regime is not completely dismantled?', 'What are the potential consequences for the region if the Iraqi regime is not completely dismantled?', 'What are the potential consequences for the region if the Iraqi regime is not completely dismantled?', 8.0, 8.0, 8.0, 8.0], ['What kind of money transfer services were available in Kuwait for expatriates?', 'What kind of money transfer services were available in Kuwait for expatriates?', 'What kind of money transfer services were available in Kuwait for expatriates?', 'What kind of money transfer services were available in Kuwait for expatriates?', 8.0, 8.0, 8.0, 8.0], ['Did the Kuwaiti government impose any restrictions or regulations on money transfers by expatriates?', 'Did the Kuwaiti government impose any restrictions or regulations on money transfers by expatriates?', 'Did the Kuwaiti government impose any restrictions or regulations on money transfers by expatriates?', 'Did the Kuwaiti government impose any restrictions or regulations on money transfers by expatriates?', 8.0, 8.0, 8.0, 8.0], ['What specific financial crisis or stock market crash in Kuwait are you referring to?', 'What specific financial crisis or stock market crash in Kuwait are you referring to?', 'What specific financial crisis or stock market crash in Kuwait are you referring to?', 'What specific financial crisis or stock market crash in Kuwait are you referring to?', 8.0, 8.0, 8.0, 8.0], ["How did the lack of capital controls impact Kuwait's economy during that time?", "How did the lack of capital controls impact Kuwait's economy during that time?", "How did the lack of capital controls impact Kuwait's economy during that time?", "How did the lack of capital controls impact Kuwait's economy during that time?", 8.0, 8.0, 8.0, 8.0], ['What specific indemnity formulas were in place for international workers in Kuwait before the invasion?', 'What specific indemnity formulas were in place for international workers in Kuwait before the invasion?', 'What specific indemnity formulas were in place for international workers in Kuwait before the invasion?', 'What specific indemnity formulas were in place for international workers in Kuwait before the invasion?', 8.0, 8.0, 8.0, 8.0], ['Were there any international efforts or mechanisms in place to compensate or assist the expatriates who lost everything during the invasion?', 'Were there any international efforts or mechanisms in place to compensate or assist the expatriates who lost everything during the invasion?', 'Were there any international efforts or mechanisms in place to compensate or assist the expatriates who lost everything during the invasion?', 'Were there any international efforts or mechanisms in place to compensate or assist the expatriates who lost everything during the invasion?', 8.0, 8.0, 8.0, 8.0]] 
Mario/mistral/sheet_30_annotations_JAKIMOSKI.csv;26;[['What criteria determine whether an event is considered forecastable enough to avoid being labeled a disaster?', 'What criteria determine whether an event is considered forecastable enough to avoid being labeled a disaster?', 'What criteria determine whether an event is considered forecastable enough to avoid being labeled a disaster?', 'What criteria determine whether an event is considered forecastable enough to avoid being labeled a disaster?', 8.0, 8.0, 8.0, 8], ["How does the predictability of a disaster influence the media's and public's perception of it?", "How does the predictability of a disaster influence the media's and public's perception of it?", "How does the predictability of a disaster influence the media's and public's perception of it?", "How does the predictability of a disaster influence the media's and public's perception of it?", 8.0, 8.0, 8.0, 8], ['In cases where disasters can be forecasted, what role do preparedness and response measures play in mitigating their impact?', 'In cases where disasters can be forecasted, what role do preparedness and response measures play in mitigating their impact?', 'In cases where disasters can be forecasted, what role do preparedness and response measures play in mitigating their impact?', 'In cases where disasters can be forecasted, what role do preparedness and response measures play in mitigating their impact?', 8.0, 8.0, 8.0, 8], ['What specific aspects of risk-taking theory are most relevant to disaster research?', 'What specific aspects of risk-taking theory are most relevant to disaster research?', 'What specific aspects of risk-taking theory are most relevant to disaster research?', 'What specific aspects of risk-taking theory are most relevant to disaster research?', 8.0, 8.0, 8.0, 8], ['How does the International Disaster Institute apply risk-taking theory in its research methodologies?', 'How does the International Disaster Institute apply risk-taking theory in its research methodologies?', 'How does the International Disaster Institute apply risk-taking theory in its research methodologies?', 'How does the International Disaster Institute apply risk-taking theory in its research methodologies?', 8.0, 8.0, 8.0, 8], ['Are there any case studies or examples where risk-taking theory has significantly influenced disaster prevention or management?', 'Are there any case studies or examples where risk-taking theory has significantly influenced disaster prevention or management?', 'Are there any case studies or examples where risk-taking theory has significantly influenced disaster prevention or management?', 'Are there any case studies or examples where risk-taking theory has significantly influenced disaster prevention or management?', 8.0, 8.0, 8.0, 8], ['What specific methodologies do you employ to study the unique characteristics of different types of disasters, such as floods versus earthquakes?', 'What specific methodologies do you employ to study the unique characteristics of different types of disasters, such as floods versus earthquakes?', 'What specific methodologies do you employ to study the unique characteristics of different types of disasters, such as floods versus earthquakes?', 'What specific methodologies do you employ to study the unique characteristics of different types of disasters, such as floods versus earthquakes?', 8.0, 8.0, 8.0, 8], ['How do you prioritize which disasters to focus on given the limited resources available for research?', 'How do you prioritize which disasters to focus on given the limited resources available for research?', 'How do you prioritize which disasters to focus on given the limited resources available for research?', 'How do you prioritize which disasters to focus on given the limited resources available for research?', 8.0, 8.0, 8.0, 8], ['In what ways do your findings on specific disasters translate into actionable strategies for disaster preparedness and mitigation?', 'In what ways do your findings on specific disasters translate into actionable strategies for disaster preparedness and mitigation?', 'In what ways do your findings on specific disasters translate into actionable strategies for disaster preparedness and mitigation?', 'In what ways do your findings on specific disasters translate into actionable strategies for disaster preparedness and mitigation?', 8.0, 8.0, 8.0, 8], ['What specific models or theories have been most effective in predicting disaster outcomes?', 'What specific models or theories have been most effective in predicting disaster outcomes?', 'What specific models or theories have been most effective in predicting disaster outcomes?', 'What specific models or theories have been most effective in predicting disaster outcomes?', 8.0, 8.0, 8.0, 8], ['How do you balance the study of actual disasters with the development of theoretical models?', 'How do you balance the study of actual disasters with the development of theoretical models?', 'How do you balance the study of actual disasters with the development of theoretical models?', 'How do you balance the study of actual disasters with the development of theoretical models?', 8.0, 8.0, 8.0, 8], ['In cases where you rely on actual disasters for research, what ethical considerations come into play?', 'In cases where you rely on actual disasters for research, what ethical considerations come into play?', 'In cases where you rely on actual disasters for research, what ethical considerations come into play?', 'In cases where you rely on actual disasters for research, what ethical considerations come into play?', 8.0, 8.0, 8.0, 8], ['What specific strategies do you employ to ensure that your findings are heard and acted upon by policymakers or relief agencies?', 'What specific strategies do you employ to ensure that your findings are heard and acted upon by policymakers or relief agencies?', 'What specific strategies do you employ to ensure that your findings are heard and acted upon by policymakers or relief agencies?', 'What specific strategies do you employ to ensure that your findings are heard and acted upon by policymakers or relief agencies?', 8.0, 8.0, 8.0, 8], [nan, nan, nan, nan, 0.0, 0.0, 0.0, 0], [nan, nan, nan, nan, 0.0, 0.0, 0.0, 0], ['Can you provide examples of instances where voluntary agents like Oxfam or Christian Aid have successfully implemented innovative solutions in disaster management?', 'Can you provide examples of instances where voluntary agents like Oxfam or Christian Aid have successfully implemented innovative solutions in disaster management?', 'Can you provide examples of instances where voluntary agents like Oxfam or Christian Aid have successfully implemented innovative solutions in disaster management?', 'Can you provide examples of instances where voluntary agents like Oxfam or Christian Aid have successfully implemented innovative solutions in disaster management?', 8.0, 8.0, 8.0, 8], ['What specific types of disasters in this country are being overlooked in current planning efforts?', 'What specific types of disasters in this country are being overlooked in current planning efforts?', 'What specific types of disasters in this country are being overlooked in current planning efforts?', 'What specific types of disasters in this country are being overlooked in current planning efforts?', 8.0, 8.0, 8.0, 8], ['How do current disaster preparedness strategies in this country compare to those in other developed nations?', 'How do current disaster preparedness strategies in this country compare to those in other developed nations?', 'How do current disaster preparedness strategies in this country compare to those in other developed nations?', 'How do current disaster preparedness strategies in this country compare to those in other developed nations?', 8.0, 8.0, 8.0, 8], ['Are there any recent incidents or trends involving roads and railway systems that have heightened your concerns?', 'Are there any recent incidents or trends involving roads and railway systems that have heightened your concerns?', 'Are there any recent incidents or trends involving roads and railway systems that have heightened your concerns?', 'Are there any recent incidents or trends involving roads and railway systems that have heightened your concerns?', 8.0, 8.0, 8.0, 8], ['How do current disaster preparedness strategies in this country compare to those in other developed nations?', 'How do current disaster preparedness strategies in this country compare to those in other developed nations?', 'How do current disaster preparedness strategies in this country compare to those in other developed nations?', 'How do current disaster preparedness strategies in this country compare to those in other developed nations?', 8.0, 8.0, 8.0, 8], ['Are there any recent incidents or trends involving roads and railway systems that have heightened your concerns?', 'Are there any recent incidents or trends involving roads and railway systems that have heightened your concerns?', 'Are there any recent incidents or trends involving roads and railway systems that have heightened your concerns?', 'Are there any recent incidents or trends involving roads and railway systems that have heightened your concerns?', 8.0, 8.0, 8.0, 8], ['How do you balance the urgency of addressing current disasters with the need to prevent potential future ones?', 'How do you balance the urgency of addressing current disasters with the need to prevent potential future ones?', 'How do you balance the urgency of addressing current disasters with the need to prevent potential future ones?', 'How do you balance the urgency of addressing current disasters with the need to prevent potential future ones?', 8.0, 8.0, 8.0, 8], ['In your experience, which region or country currently faces a disaster that is particularly under-reported or overlooked by the international community?', 'In your experience, which region or country currently faces a disaster that is particularly under-reported or overlooked by the international community?', 'In your experience, which region or country currently faces a disaster that is particularly under-reported or overlooked by the international community?', 'In your experience, which region or country currently faces a disaster that is particularly under-reported or overlooked by the international community?', 8.0, 8.0, 8.0, 8], ['What specific evidence or indicators led you to predict that the 1980s would be a decade of increasing food shortages and widespread famine?', 'What specific evidence or indicators led you to predict that the 1980s would be a decade of increasing food shortages and widespread famine?', 'What specific evidence or indicators led you to predict that the 1980s would be a decade of increasing food shortages and widespread famine?', 'What specific evidence or indicators led you to predict that the 1980s would be a decade of increasing food shortages and widespread famine?', 8.0, 8.0, 8.0, 8], ["How do you believe the international community's response to famine has evolved since the 1970s, and what key lessons have been learned?", "How do you believe the international community's response to famine has evolved since the 1970s, and what key lessons have been learned?", "How do you believe the international community's response to famine has evolved since the 1970s, and what key lessons have been learned?", "How do you believe the international community's response to famine has evolved since the 1970s, and what key lessons have been learned?", 8.0, 8.0, 8.0, 8], ['What role do you see for technological advancements in preventing or mitigating future famines in developing countries?', 'What role do you see for technological advancements in preventing or mitigating future famines in developing countries?', 'What role do you see for technological advancements in preventing or mitigating future famines in developing countries?', 'What role do you see for technological advancements in preventing or mitigating future famines in developing countries?', 8.0, 8.0, 8.0, 8]] 
Mario/mistral/sheet_38_annotations_JAKIMOSKI.csv;4;[['What exactly is located at the bottom opposite the [unclear] place?', 'What exactly is located at the bottom opposite the [unclear] place?', 'What exactly is located at the bottom opposite the [unclear] place?', 'What exactly is located at the bottom opposite the [unclear] place?', 2.0, 2.0, 2.0, 2.0], ['Could you clarify what you meant by "[unclear] down at the bottom of opposite the"?', 'Could you clarify what you meant by "[unclear] down at the bottom of opposite the"?', 'Could you clarify what you meant by "[unclear] down at the bottom of opposite the"?', 'Could you clarify what you meant by "[unclear] down at the bottom of opposite the"?', 2.0, 2.0, 2.0, 2.0], ['What specific activities did you engage in during that half-day woodwork session?', 'What specific activities did you engage in during that half-day woodwork session?', 'What specific activities did you engage in during that half-day woodwork session?', 'What specific activities did you engage in during that half-day woodwork session?', 8.0, 8.0, 8.0, 8.0], ['What did the other schools do to fill in the rest of the week?', 'What did the other schools do to fill in the rest of the week?', 'What did the other schools do to fill in the rest of the week?', 'What did the other schools do to fill in the rest of the week?', 8.0, 8.0, 8.0, 8.0]] 
Mario/mistral/sheet_39_annotations_JAKIMOSKI.csv;7;[['What was the unclear utterance that PS0WN made?', 'What was the unclear utterance that PS0WN made?', 'What was the unclear utterance that PS0WN made?', 'What was the unclear utterance that PS0WN made?', 2.0, 2.0, 2.0, 2.0], ['Could the unclear utterance be related to the previous topic of discussion?', 'Could the unclear utterance be related to the previous topic of discussion?', 'Could the unclear utterance be related to the previous topic of discussion?', 'Could the unclear utterance be related to the previous topic of discussion?', 2.0, 2.0, 2.0, 2.0], ['Was PS0WN attempting to respond to PS0WS\'s mention of "people saying [unclear]"?', 'Was PS0WN attempting to respond to PS0WS\'s mention of "people saying [unclear]"?', 'Was PS0WN attempting to respond to PS0WS\'s mention of "people saying [unclear]"?', 'Was PS0WN attempting to respond to PS0WS\'s mention of "people saying [unclear]"?', 2.0, 2.0, 2.0, 2.0], ['Where exactly are you suggesting we go?', 'Where exactly are you suggesting we go?', 'Where exactly are you suggesting we go?', 'Where exactly are you suggesting we go?', 8.0, 8.0, 8.0, 8.0], ['What is the purpose of going over there right now?', 'What is the purpose of going over there right now?', 'What is the purpose of going over there right now?', 'What is the purpose of going over there right now?', 8.0, 8.0, 8.0, 8.0], ['Is there something specific we need to do or check there?', 'Is there something specific we need to do or check there?', 'Is there something specific we need to do or check there?', 'Is there something specific we need to do or check there?', 8.0, 8.0, 8.0, 8.0], ['What specific paint or supplies do we need to get from the paint shop?', 'What specific paint or supplies do we need to get from the paint shop?', 'What specific paint or supplies do we need to get from the paint shop?', 'What specific paint or supplies do we need to get from the paint shop?', 8.0, 8.0, 8.0, 8.0]] 
Mario/mistral/sheet_50_annotations_JAKIMOSKI.csv;6;[['What was the unclear part that KCEPSUNK was trying to say?', 'What was the unclear part that KCEPSUNK was trying to say?', 'What was the unclear part that KCEPSUNK was trying to say?', 'What was the unclear part that KCEPSUNK was trying to say?', 2.0, 2.0, 2.0, 2.0], ['Could the unclear utterance be related to the previous topic about Margaret and Snowy?', 'Could the unclear utterance be related to the previous topic about Margaret and Snowy?', 'Could the unclear utterance be related to the previous topic about Margaret and Snowy?', 'Could the unclear utterance be related to the previous topic about Margaret and Snowy?', 2.0, 2.0, 2.0, 2.0], ['Was KCEPSUNK attempting to ask a question or provide additional information?', 'Was KCEPSUNK attempting to ask a question or provide additional information?', 'Was KCEPSUNK attempting to ask a question or provide additional information?', 'Was KCEPSUNK attempting to ask a question or provide additional information?', 2.0, 2.0, 2.0, 2.0], ['What was the content of the unclear utterance?', 'What was the content of the unclear utterance?', 'What was the content of the unclear utterance?', 'What was the content of the unclear utterance?', 2.0, 2.0, 2.0, 2.0], ['Could the unclear utterance have been a response to the previous topic about Margaret and Snowy?', 'Could the unclear utterance have been a response to the previous topic about Margaret and Snowy?', 'Could the unclear utterance have been a response to the previous topic about Margaret and Snowy?', 'Could the unclear utterance have been a response to the previous topic about Margaret and Snowy?', 2.0, 2.0, 2.0, 2.0], ['Was the unclear utterance a reaction to the laughter or the mention of feeding the ducks?', 'Was the unclear utterance a reaction to the laughter or the mention of feeding the ducks?', 'Was the unclear utterance a reaction to the laughter or the mention of feeding the ducks?', 'Was the unclear utterance a reaction to the laughter or the mention of feeding the ducks?', 2.0, 2.0, 2.0, 2.0]] 
Mario/mistral/sheet_7_annotations_JAKIMOSKI.csv;9;[['What was the unclear part that PS1VJ mentioned?', 'What was the unclear part that PS1VJ mentioned?', 'What was the unclear part that PS1VJ mentioned?', 'What was the unclear part that PS1VJ mentioned?', 2.0, 2.0, 2.0, 2.0], ["Why did PS1VH apologize in response to PS1VJ's unclear statement?", "Why did PS1VH apologize in response to PS1VJ's unclear statement?", "Why did PS1VH apologize in response to PS1VJ's unclear statement?", "Why did PS1VH apologize in response to PS1VJ's unclear statement?", 2.0, 2.0, 2.0, 2.0], ['Could the unclear part be related to the previous instructions or roles assigned?', 'Could the unclear part be related to the previous instructions or roles assigned?', 'Could the unclear part be related to the previous instructions or roles assigned?', 'Could the unclear part be related to the previous instructions or roles assigned?', 2.0, 2.0, 2.0, 2.0], ['Was PS1VH referring to something specific in the script or the ongoing discussion that became unclear?', 'Was PS1VH referring to something specific in the script or the ongoing discussion that became unclear?', 'Was PS1VH referring to something specific in the script or the ongoing discussion that became unclear?', 'Was PS1VH referring to something specific in the script or the ongoing discussion that became unclear?', 2.0, 2.0, 2.0, 2.0], ['What was the unclear utterance that G3UPSUNK made?', 'What was the unclear utterance that G3UPSUNK made?', 'What was the unclear utterance that G3UPSUNK made?', 'What was the unclear utterance that G3UPSUNK made?', 2.0, 2.0, 2.0, 2.0], ['Was the unclear utterance potentially important for the continuation of the dialogue?', 'Was the unclear utterance potentially important for the continuation of the dialogue?', 'Was the unclear utterance potentially important for the continuation of the dialogue?', 'Was the unclear utterance potentially important for the continuation of the dialogue?', 2.0, 2.0, 2.0, 2.0], ['What specific country is the main supplier of your coffee?', 'What specific country is the main supplier of your coffee?', 'What specific country is the main supplier of your coffee?', 'What specific country is the main supplier of your coffee?', 8.0, 8.0, 8.0, 8.0], ['How does the main supplier of your coffee impact the fair trade practices discussed earlier?', 'How does the main supplier of your coffee impact the fair trade practices discussed earlier?', 'How does the main supplier of your coffee impact the fair trade practices discussed earlier?', 'How does the main supplier of your coffee impact the fair trade practices discussed earlier?', 8.0, 8.0, 8.0, 8.0], ["How does the coffee trade from Brazil to the UK compare in volume to other countries' exports?", "How does the coffee trade from Brazil to the UK compare in volume to other countries' exports?", "How does the coffee trade from Brazil to the UK compare in volume to other countries' exports?", "How does the coffee trade from Brazil to the UK compare in volume to other countries' exports?", 8.0, 8.0, 8.0, 8.0]] 
Mario/nemotron/sheet_10_annotations_JAKIMOSKI.csv;3;[['Given the last utterance "He\'s got a wobbly bottom" and the context of the dialogue about painting techniques and potential structural issues, here are three salient, progressive questions that address unanswered aspects of the discourse:', 'Given the last utterance "He\'s got a wobbly bottom" and the context of the dialogue about painting techniques and potential structural issues, here are three salient, progressive questions that address unanswered aspects of the discourse:', 'Given the last utterance "He\'s got a wobbly bottom" and the context of the dialogue about painting techniques and potential structural issues, here are three salient, progressive questions that address unanswered aspects of the discourse:', 'Given the last utterance "He\'s got a wobbly bottom" and the context of the dialogue about painting techniques and potential structural issues, here are three salient, progressive questions that address unanswered aspects of the discourse:', 0.0, 0.0, 0.0, 0.0], [nan, nan, nan, nan, 0.0, 0.0, 0.0, 0.0], ["What aspect of the spikes' placement or function is unclear in the last utterance?", "What aspect of the spikes' placement or function is unclear in the last utterance?", "What aspect of the spikes' placement or function is unclear in the last utterance?", "What aspect of the spikes' placement or function is unclear in the last utterance?", 2.0, 2.0, 2.0, 2.0]] 
Mario/nemotron/sheet_13_annotations_JAKIMOSKI.csv;5;[['What would be a concrete example of men actively recognizing women as equals in their interactions?', 'What would be a concrete example of men actively recognizing women as equals in their interactions?', 'What would be a concrete example of men actively recognizing women as equals in their interactions?', 'What would be a concrete example of men actively recognizing women as equals in their interactions?', 8.0, 8.0, 8.0, 8.0], ['Given the context, the speaker FL7PS006 shared a disturbing example of domestic violence where men receive light sentences for severe crimes against their wives, and the system appears to sympathize with perpetrators. The last utterance from FL7PS000 ("Mhm.") signals acknowledgement but does not advance the discussion on the systemic failures in handling such cases.', 'Given the context, the speaker FL7PS006 shared a disturbing example of domestic violence where men receive light sentences for severe crimes against their wives, and the system appears to sympathize with perpetrators. The last utterance from FL7PS000 ("Mhm.") signals acknowledgement but does not advance the discussion on the systemic failures in handling such cases.', 'Given the context, the speaker FL7PS006 shared a disturbing example of domestic violence where men receive light sentences for severe crimes against their wives, and the system appears to sympathize with perpetrators. The last utterance from FL7PS000 ("Mhm.") signals acknowledgement but does not advance the discussion on the systemic failures in handling such cases.', 'Given the context, the speaker FL7PS006 shared a disturbing example of domestic violence where men receive light sentences for severe crimes against their wives, and the system appears to sympathize with perpetrators. The last utterance from FL7PS000 ("Mhm.") signals acknowledgement but does not advance the discussion on the systemic failures in handling such cases.', 0.0, 0.0, 0.0, 0.0], [nan, nan, nan, nan, 0.0, 0.0, 0.0, 0.0], ['Three progressive questions that logically follow from the last utterance and the preceding discourse, remaining unanswered in the context:', 'Three progressive questions that logically follow from the last utterance and the preceding discourse, remaining unanswered in the context:', 'Three progressive questions that logically follow from the last utterance and the preceding discourse, remaining unanswered in the context:', 'Three progressive questions that logically follow from the last utterance and the preceding discourse, remaining unanswered in the context:', 0.0, 0.0, 0.0, 0.0], [nan, nan, nan, nan, 0.0, 0.0, 0.0, 0.0]] 
Mario/nemotron/sheet_19_annotations_JAKIMOSKI.csv;4;[['What specific concerns are your friends voicing about daily life in Kuwait under the current circumstances?', 'What specific concerns are your friends voicing about daily life in Kuwait under the current circumstances?', 'What specific concerns are your friends voicing about daily life in Kuwait under the current circumstances?', 'What specific concerns are your friends voicing about daily life in Kuwait under the current circumstances?', 8.0, 8.0, 8.0, 8.0], ['How do your friends describe the humanitarian situation and access to essential resources in the region affected by the war?', 'How do your friends describe the humanitarian situation and access to essential resources in the region affected by the war?', 'How do your friends describe the humanitarian situation and access to essential resources in the region affected by the war?', 'How do your friends describe the humanitarian situation and access to essential resources in the region affected by the war?', 8.0, 8.0, 8.0, 8.0], ['What insights have your friends provided regarding the emotional and psychological impact of the conflict on the Kuwaiti population?', 'What insights have your friends provided regarding the emotional and psychological impact of the conflict on the Kuwaiti population?', 'What insights have your friends provided regarding the emotional and psychological impact of the conflict on the Kuwaiti population?', 'What insights have your friends provided regarding the emotional and psychological impact of the conflict on the Kuwaiti population?', 8.0, 8.0, 8.0, 8.0], ['What measures are being taken to address the infrastructure damage mentioned by the Iraqis?', 'What measures are being taken to address the infrastructure damage mentioned by the Iraqis?', 'What measures are being taken to address the infrastructure damage mentioned by the Iraqis?', 'What measures are being taken to address the infrastructure damage mentioned by the Iraqis?', 8.0, 8.0, 8.0, 8.0]] 
Mario/nemotron/sheet_30_annotations_JAKIMOSKI.csv;8;[['To what extent can long-term environmental degradation be classified as disasters when they are predictable, given that predictability challenges the disaster classification itself?', 'To what extent can long-term environmental degradation be classified as disasters when they are predictable, given that predictability challenges the disaster classification itself?', 'To what extent can long-term environmental degradation be classified as disasters when they are predictable, given that predictability challenges the disaster classification itself?', 'To what extent can long-term environmental degradation be classified as disasters when they are predictable, given that predictability challenges the disaster classification itself?', 8.0, 8.0, 8.0, 8], ['Is there a threshold for foreseeability—such as duration, severity, or probability—that distinguishes an event from a disaster to a manageable risk, and who determines that threshold?', 'Is there a threshold for foreseeability—such as duration, severity, or probability—that distinguishes an event from a disaster to a manageable risk, and who determines that threshold?', 'Is there a threshold for foreseeability—such as duration, severity, or probability—that distinguishes an event from a disaster to a manageable risk, and who determines that threshold?', 'Is there a threshold for foreseeability—such as duration, severity, or probability—that distinguishes an event from a disaster to a manageable risk, and who determines that threshold?', 8.0, 8.0, 8.0, 8], ['Is there a theoretical mechanism within risk‑taking theory that predicts the timing of a disaster’s onset?', 'Is there a theoretical mechanism within risk‑taking theory that predicts the timing of a disaster’s onset?', 'Is there a theoretical mechanism within risk‑taking theory that predicts the timing of a disaster’s onset?', 'Is there a theoretical mechanism within risk‑taking theory that predicts the timing of a disaster’s onset?', 8.0, 8.0, 8.0, 8], ['What specific criteria does your Institute use to determine the scope of research into particular disaster types like floods or earthquakes?', 'What specific criteria does your Institute use to determine the scope of research into particular disaster types like floods or earthquakes?', 'What specific criteria does your Institute use to determine the scope of research into particular disaster types like floods or earthquakes?', 'What specific criteria does your Institute use to determine the scope of research into particular disaster types like floods or earthquakes?', 8.0, 8.0, 8.0, 8], ['Given the QUD framework emphasizing retrievability and relevance, and the need to probe the unanswered methodological ambiguity in the last utterance, here are 3 progressive questions that directly address the gap in the dialogue:', 'Given the QUD framework emphasizing retrievability and relevance, and the need to probe the unanswered methodological ambiguity in the last utterance, here are 3 progressive questions that directly address the gap in the dialogue:', 'Given the QUD framework emphasizing retrievability and relevance, and the need to probe the unanswered methodological ambiguity in the last utterance, here are 3 progressive questions that directly address the gap in the dialogue:', 'Given the QUD framework emphasizing retrievability and relevance, and the need to probe the unanswered methodological ambiguity in the last utterance, here are 3 progressive questions that directly address the gap in the dialogue:', 0.0, 0.0, 0.0, 0], [nan, nan, nan, nan, 0.0, 0.0, 0.0, 0], ['How do the funding models of voluntary agencies influence the timing and effectiveness of their interventions during the onset of a disaster?', 'How do the funding models of voluntary agencies influence the timing and effectiveness of their interventions during the onset of a disaster?', 'How do the funding models of voluntary agencies influence the timing and effectiveness of their interventions during the onset of a disaster?', 'How do the funding models of voluntary agencies influence the timing and effectiveness of their interventions during the onset of a disaster?', 8.0, 8.0, 8.0, 8], ['How does the research on famine risk differ from other disaster types in terms of predictive capacity and early warning mechanisms?', 'How does the research on famine risk differ from other disaster types in terms of predictive capacity and early warning mechanisms?', 'How does the research on famine risk differ from other disaster types in terms of predictive capacity and early warning mechanisms?', 'How does the research on famine risk differ from other disaster types in terms of predictive capacity and early warning mechanisms?', 8.0, 8.0, 8.0, 8]] 
Mario/nemotron/sheet_38_annotations_JAKIMOSKI.csv;3;[['What happened to the rabbits after you caught them all', 'What happened to the rabbits after you caught them all', 'What happened to the rabbits after you caught them all', 'What happened to the rabbits after you caught them all', 8.0, 8.0, 8.0, 8.0], ['Did you attend separate manual sessions or was it part of a larger curriculum?', 'Did you attend separate manual sessions or was it part of a larger curriculum?', 'Did you attend separate manual sessions or was it part of a larger curriculum?', 'Did you attend separate manual sessions or was it part of a larger curriculum?', 8.0, 8.0, 8.0, 8.0], ['- - - - - - - - - - - - - - - - - - - - - - - - - - - - - - -', '- - - - - - - - - - - - - - - - - - - - - - - - - - - - - - -', '- - - - - - - - - - - - - - - - - - - - - - - - - - - - - - -', '- - - - - - - - - - - - - - - - - - - - - - - - - - - - - - -', 0.0, 0.0, 0.0, 0.0]] 
Mario/nemotron/sheet_39_annotations_JAKIMOSKI.csv;2;[['How does the parent envision "you\'ve been saying you\'ve not gon na go" and what is the child\'s likely response?', 'How does the parent envision "you\'ve been saying you\'ve not gon na go" and what is the child\'s likely response?', 'How does the parent envision "you\'ve been saying you\'ve not gon na go" and what is the child\'s likely response?', 'How does the parent envision "you\'ve been saying you\'ve not gon na go" and what is the child\'s likely response?', 0.0, 0.0, 0.0, 0.0], ['Why is PS0WN mentioning "this is two weeks in a row" in the context of the drama class?', 'Why is PS0WN mentioning "this is two weeks in a row" in the context of the drama class?', 'Why is PS0WN mentioning "this is two weeks in a row" in the context of the drama class?', 'Why is PS0WN mentioning "this is two weeks in a row" in the context of the drama class?', 0.0, 0.0, 0.0, 0.0]] 
Mario/nemotron/sheet_50_annotations_JAKIMOSKI.csv;2;[['How does the reference to "the sea front" relate to the earlier uncertainty about "what party he\'s for"?', 'How does the reference to "the sea front" relate to the earlier uncertainty about "what party he\'s for"?', 'How does the reference to "the sea front" relate to the earlier uncertainty about "what party he\'s for"?', 'How does the reference to "the sea front" relate to the earlier uncertainty about "what party he\'s for"?', 0.0, 0.0, 0.0, 0.0], ['What is the specific party affiliation of "him" that the speakers are trying to keep quiet about?', 'What is the specific party affiliation of "him" that the speakers are trying to keep quiet about?', 'What is the specific party affiliation of "him" that the speakers are trying to keep quiet about?', 'What is the specific party affiliation of "him" that the speakers are trying to keep quiet about?', 0.0, 0.0, 0.0, 0.0]] 
Mario/nemotron/sheet_7_annotations_JAKIMOSKI.csv;7;[['The prompt asks to formulate questions about "PS1VJ: [laugh]" and only those questions should be output. The questions above are not specifically about that line, so they do not meet the requirement. The task demands three questions about a specific aspect of "PS1VJ: [laugh]" that are naturally curious and remain unanswered. The provided questions are off-topic and therefore incorrect for this specific instruction. The response must only include three questions, one per line, about "PS1VJ: [laugh]" without any extra text. The generated questions must be about that specific, very short line and must remain unanswered in the provided dialogue.', 'The prompt asks to formulate questions about "PS1VJ: [laugh]" and only those questions should be output. The questions above are not specifically about that line, so they do not meet the requirement. The task demands three questions about a specific aspect of "PS1VJ: [laugh]" that are naturally curious and remain unanswered. The provided questions are off-topic and therefore incorrect for this specific instruction. The response must only include three questions, one per line, about "PS1VJ: [laugh]" without any extra text. The generated questions must be about that specific, very short line and must remain unanswered in the provided dialogue.', 'The prompt asks to formulate questions about "PS1VJ: [laugh]" and only those questions should be output. The questions above are not specifically about that line, so they do not meet the requirement. The task demands three questions about a specific aspect of "PS1VJ: [laugh]" that are naturally curious and remain unanswered. The provided questions are off-topic and therefore incorrect for this specific instruction. The response must only include three questions, one per line, about "PS1VJ: [laugh]" without any extra text. The generated questions must be about that specific, very short line and must remain unanswered in the provided dialogue.', 'The prompt asks to formulate questions about "PS1VJ: [laugh]" and only those questions should be output. The questions above are not specifically about that line, so they do not meet the requirement. The task demands three questions about a specific aspect of "PS1VJ: [laugh]" that are naturally curious and remain unanswered. The provided questions are off-topic and therefore incorrect for this specific instruction. The response must only include three questions, one per line, about "PS1VJ: [laugh]" without any extra text. The generated questions must be about that specific, very short line and must remain unanswered in the provided dialogue.', 0.0, 0.0, 0.0, 0.0], [nan, nan, nan, nan, 0.0, 0.0, 0.0, 0.0], ['The line "PS1VJ: [laugh]" is a very brief, non-verbal response. It is not a substantive utterance. Therefore, the questions should focus on the ambiguity or lack of elaboration in that brief response. The three questions should be about what the laughter signifies, why it was produced, and what the next step is after that laugh, given the previous context.', 'The line "PS1VJ: [laugh]" is a very brief, non-verbal response. It is not a substantive utterance. Therefore, the questions should focus on the ambiguity or lack of elaboration in that brief response. The three questions should be about what the laughter signifies, why it was produced, and what the next step is after that laugh, given the previous context.', 'The line "PS1VJ: [laugh]" is a very brief, non-verbal response. It is not a substantive utterance. Therefore, the questions should focus on the ambiguity or lack of elaboration in that brief response. The three questions should be about what the laughter signifies, why it was produced, and what the next step is after that laugh, given the previous context.', 'The line "PS1VJ: [laugh]" is a very brief, non-verbal response. It is not a substantive utterance. Therefore, the questions should focus on the ambiguity or lack of elaboration in that brief response. The three questions should be about what the laughter signifies, why it was produced, and what the next step is after that laugh, given the previous context.', 0.0, 0.0, 0.0, 0.0], [nan, nan, nan, nan, 0.0, 0.0, 0.0, 0.0], ['Given the QUD framework and the unanswered aspects of the utterance, here are three progressive, salient questions:', 'Given the QUD framework and the unanswered aspects of the utterance, here are three progressive, salient questions:', 'Given the QUD framework and the unanswered aspects of the utterance, here are three progressive, salient questions:', 'Given the QUD framework and the unanswered aspects of the utterance, here are three progressive, salient questions:', 0.0, 0.0, 0.0, 0.0], [nan, nan, nan, nan, 0.0, 0.0, 0.0, 0.0], ['Which country is the main coffee supplier for UK companies using Traidcraft?', 'Which country is the main coffee supplier for UK companies using Traidcraft?', 'Which country is the main coffee supplier for UK companies using Traidcraft?', 'Which country is the main coffee supplier for UK companies using Traidcraft?', 8.0, 8.0, 8.0, 8.0]] 
Mario/qwen/sheet_10_annotations_JAKIMOSKI.csv;4;[['What specific clarification was PS0KY attempting to provide regarding the consistency of the substance?', 'What specific clarification was PS0KY attempting to provide regarding the consistency of the substance?', 'What specific clarification was PS0KY attempting to provide regarding the consistency of the substance?', 'What specific clarification was PS0KY attempting to provide regarding the consistency of the substance?', 2.0, 2.0, 2.0, 2.0], ['Was the unclear utterance intended as a confirmation of the "runny" texture mentioned by the previous speaker?', 'Was the unclear utterance intended as a confirmation of the "runny" texture mentioned by the previous speaker?', 'Was the unclear utterance intended as a confirmation of the "runny" texture mentioned by the previous speaker?', 'Was the unclear utterance intended as a confirmation of the "runny" texture mentioned by the previous speaker?', 2.0, 2.0, 2.0, 2.0], ['What additional instruction about filing the items was PS0KY trying to convey that remained unintelligible?', 'What additional instruction about filing the items was PS0KY trying to convey that remained unintelligible?', 'What additional instruction about filing the items was PS0KY trying to convey that remained unintelligible?', 'What additional instruction about filing the items was PS0KY trying to convey that remained unintelligible?', 2.0, 2.0, 2.0, 2.0], ['What is the nature of the unclear information that follows the reassurance?', 'What is the nature of the unclear information that follows the reassurance?', 'What is the nature of the unclear information that follows the reassurance?', 'What is the nature of the unclear information that follows the reassurance?', 2.0, 2.0, 2.0, 2.0]] 
Mario/qwen/sheet_13_annotations_JAKIMOSKI.csv;5;[['What specific behaviors or attitudes would you point to as evidence that this inclination is truly inbuilt in boys?', 'What specific behaviors or attitudes would you point to as evidence that this inclination is truly inbuilt in boys?', 'What specific behaviors or attitudes would you point to as evidence that this inclination is truly inbuilt in boys?', 'What specific behaviors or attitudes would you point to as evidence that this inclination is truly inbuilt in boys?', 8.0, 8.0, 8.0, 8.0], ["Do you believe the absence of a male figure in your son's upbringing might be shaping his views differently than if a father were present?", "Do you believe the absence of a male figure in your son's upbringing might be shaping his views differently than if a father were present?", "Do you believe the absence of a male figure in your son's upbringing might be shaping his views differently than if a father were present?", "Do you believe the absence of a male figure in your son's upbringing might be shaping his views differently than if a father were present?", 8.0, 8.0, 8.0, 8.0], ["Why does the mother-in-law specifically face such a unique and intense level of dislike compared to other female figures in men's lives?", "Why does the mother-in-law specifically face such a unique and intense level of dislike compared to other female figures in men's lives?", "Why does the mother-in-law specifically face such a unique and intense level of dislike compared to other female figures in men's lives?", "Why does the mother-in-law specifically face such a unique and intense level of dislike compared to other female figures in men's lives?", 8.0, 8.0, 8.0, 8.0], ['If men universally view the mother-in-law as wrong, does this reflect a broader inability to accept authority or challenge from older women?', 'If men universally view the mother-in-law as wrong, does this reflect a broader inability to accept authority or challenge from older women?', 'If men universally view the mother-in-law as wrong, does this reflect a broader inability to accept authority or challenge from older women?', 'If men universally view the mother-in-law as wrong, does this reflect a broader inability to accept authority or challenge from older women?', 8.0, 8.0, 8.0, 8.0], ['Why do men universally perceive mother-in-laws as being inherently wrong regardless of their actions?', 'Why do men universally perceive mother-in-laws as being inherently wrong regardless of their actions?', 'Why do men universally perceive mother-in-laws as being inherently wrong regardless of their actions?', 'Why do men universally perceive mother-in-laws as being inherently wrong regardless of their actions?', 8.0, 8.0, 8.0, 8.0]] 
Mario/qwen/sheet_19_annotations_JAKIMOSKI.csv;21;[["What specific developments would shift your current concern into genuine optimism about the war's conclusion?", "What specific developments would shift your current concern into genuine optimism about the war's conclusion?", "What specific developments would shift your current concern into genuine optimism about the war's conclusion?", "What specific developments would shift your current concern into genuine optimism about the war's conclusion?", 8.0, 8.0, 8.0, 8.0], ['To what extent do you attribute the lack of immediate retaliation from Saddam Hussein to strategic deception rather than military incapacity?', 'To what extent do you attribute the lack of immediate retaliation from Saddam Hussein to strategic deception rather than military incapacity?', 'To what extent do you attribute the lack of immediate retaliation from Saddam Hussein to strategic deception rather than military incapacity?', 'To what extent do you attribute the lack of immediate retaliation from Saddam Hussein to strategic deception rather than military incapacity?', 8.0, 8.0, 8.0, 8.0], ['What specific challenges or dangers did you encounter during your escape from Kuwait?', 'What specific challenges or dangers did you encounter during your escape from Kuwait?', 'What specific challenges or dangers did you encounter during your escape from Kuwait?', 'What specific challenges or dangers did you encounter during your escape from Kuwait?', 8.0, 8.0, 8.0, 8.0], ['How did you manage to cross the border or leave the country given the restrictions imposed by the Iraqi occupation?', 'How did you manage to cross the border or leave the country given the restrictions imposed by the Iraqi occupation?', 'How did you manage to cross the border or leave the country given the restrictions imposed by the Iraqi occupation?', 'How did you manage to cross the border or leave the country given the restrictions imposed by the Iraqi occupation?', 8.0, 8.0, 8.0, 8.0], ['Were you able to leave immediately after the invasion began, or did you have to wait for a specific opportunity or route to open up?', 'Were you able to leave immediately after the invasion began, or did you have to wait for a specific opportunity or route to open up?', 'Were you able to leave immediately after the invasion began, or did you have to wait for a specific opportunity or route to open up?', 'Were you able to leave immediately after the invasion began, or did you have to wait for a specific opportunity or route to open up?', 8.0, 8.0, 8.0, 8.0], ['Do these friends have access to reliable communication channels, or are they relying on sporadic rumors to survive?', 'Do these friends have access to reliable communication channels, or are they relying on sporadic rumors to survive?', 'Do these friends have access to reliable communication channels, or are they relying on sporadic rumors to survive?', 'Do these friends have access to reliable communication channels, or are they relying on sporadic rumors to survive?', 8.0, 8.0, 8.0, 8.0], ['Specifically, what are the conditions regarding food and water for those who remained, compared to the situation you described during your escape?', 'Specifically, what are the conditions regarding food and water for those who remained, compared to the situation you described during your escape?', 'Specifically, what are the conditions regarding food and water for those who remained, compared to the situation you described during your escape?', 'Specifically, what are the conditions regarding food and water for those who remained, compared to the situation you described during your escape?', 8.0, 8.0, 8.0, 8.0], ['Have you heard any reports indicating a change in the psychological state or morale of the Kuwaitis still inside the country since the war began?', 'Have you heard any reports indicating a change in the psychological state or morale of the Kuwaitis still inside the country since the war began?', 'Have you heard any reports indicating a change in the psychological state or morale of the Kuwaitis still inside the country since the war began?', 'Have you heard any reports indicating a change in the psychological state or morale of the Kuwaitis still inside the country since the war began?', 8.0, 8.0, 8.0, 8.0], ['Did the political situation or the impending invasion affect the type of art you were exhibiting or the frequency of your exhibitions?', 'Did the political situation or the impending invasion affect the type of art you were exhibiting or the frequency of your exhibitions?', 'Did the political situation or the impending invasion affect the type of art you were exhibiting or the frequency of your exhibitions?', 'Did the political situation or the impending invasion affect the type of art you were exhibiting or the frequency of your exhibitions?', 8.0, 8.0, 8.0, 8.0], ['Is the "surgical" nature of the bombing effectively preventing collateral damage to civilian infrastructure, or is it merely a matter of perception?', 'Is the "surgical" nature of the bombing effectively preventing collateral damage to civilian infrastructure, or is it merely a matter of perception?', 'Is the "surgical" nature of the bombing effectively preventing collateral damage to civilian infrastructure, or is it merely a matter of perception?', 'Is the "surgical" nature of the bombing effectively preventing collateral damage to civilian infrastructure, or is it merely a matter of perception?', 8.0, 8.0, 8.0, 8.0], ['Given the prior destruction by Iraqi forces, are there any remaining utilities or roads within Kuwait that are still vulnerable to Allied strikes?', 'Given the prior destruction by Iraqi forces, are there any remaining utilities or roads within Kuwait that are still vulnerable to Allied strikes?', 'Given the prior destruction by Iraqi forces, are there any remaining utilities or roads within Kuwait that are still vulnerable to Allied strikes?', 'Given the prior destruction by Iraqi forces, are there any remaining utilities or roads within Kuwait that are still vulnerable to Allied strikes?', 8.0, 8.0, 8.0, 8.0], ['How can the accuracy of these "sight bombing" operations be independently verified amidst the conflicting reports about the extent of the devastation?', 'How can the accuracy of these "sight bombing" operations be independently verified amidst the conflicting reports about the extent of the devastation?', 'How can the accuracy of these "sight bombing" operations be independently verified amidst the conflicting reports about the extent of the devastation?', 'How can the accuracy of these "sight bombing" operations be independently verified amidst the conflicting reports about the extent of the devastation?', 8.0, 8.0, 8.0, 8.0], ['If the priorities shift from liberating Kuwait to destroying the regime, how would that change the criteria for ending the war?', 'If the priorities shift from liberating Kuwait to destroying the regime, how would that change the criteria for ending the war?', 'If the priorities shift from liberating Kuwait to destroying the regime, how would that change the criteria for ending the war?', 'If the priorities shift from liberating Kuwait to destroying the regime, how would that change the criteria for ending the war?', 8.0, 8.0, 8.0, 8.0], ['What specific mechanisms or regulations govern how expatriates transfer money out of Kuwait?', 'What specific mechanisms or regulations govern how expatriates transfer money out of Kuwait?', 'What specific mechanisms or regulations govern how expatriates transfer money out of Kuwait?', 'What specific mechanisms or regulations govern how expatriates transfer money out of Kuwait?', 8.0, 8.0, 8.0, 8.0], ['Are there any limits on the amount of currency expatriates can remit to their home countries?', 'Are there any limits on the amount of currency expatriates can remit to their home countries?', 'Are there any limits on the amount of currency expatriates can remit to their home countries?', 'Are there any limits on the amount of currency expatriates can remit to their home countries?', 8.0, 8.0, 8.0, 8.0], ['Does the government provide any incentives or facilitations for these money transfers as part of the welfare system mentioned?', 'Does the government provide any incentives or facilitations for these money transfers as part of the welfare system mentioned?', 'Does the government provide any incentives or facilitations for these money transfers as part of the welfare system mentioned?', 'Does the government provide any incentives or facilitations for these money transfers as part of the welfare system mentioned?', 8.0, 8.0, 8.0, 8.0], ["What specific mechanisms did the government employ to ensure capital flight didn't occur during the stock market crash despite the lack of restrictions?", "What specific mechanisms did the government employ to ensure capital flight didn't occur during the stock market crash despite the lack of restrictions?", "What specific mechanisms did the government employ to ensure capital flight didn't occur during the stock market crash despite the lack of restrictions?", "What specific mechanisms did the government employ to ensure capital flight didn't occur during the stock market crash despite the lack of restrictions?", 8.0, 8.0, 8.0, 8.0], ["How did the freedom to transfer money in and out of the country impact Kuwait's ability to stabilize its economy during that financial crisis?", "How did the freedom to transfer money in and out of the country impact Kuwait's ability to stabilize its economy during that financial crisis?", "How did the freedom to transfer money in and out of the country impact Kuwait's ability to stabilize its economy during that financial crisis?", "How did the freedom to transfer money in and out of the country impact Kuwait's ability to stabilize its economy during that financial crisis?", 8.0, 8.0, 8.0, 8.0], ['Were there any social or political consequences for the government of maintaining such an open capital policy during a period of economic instability?', 'Were there any social or political consequences for the government of maintaining such an open capital policy during a period of economic instability?', 'Were there any social or political consequences for the government of maintaining such an open capital policy during a period of economic instability?', 'Were there any social or political consequences for the government of maintaining such an open capital policy during a period of economic instability?', 8.0, 8.0, 8.0, 8.0], ['How were the indemnity formulas for expatriates enforced or recovered after the Iraqi occupation and the subsequent looting of banks?', 'How were the indemnity formulas for expatriates enforced or recovered after the Iraqi occupation and the subsequent looting of banks?', 'How were the indemnity formulas for expatriates enforced or recovered after the Iraqi occupation and the subsequent looting of banks?', 'How were the indemnity formulas for expatriates enforced or recovered after the Iraqi occupation and the subsequent looting of banks?', 8.0, 8.0, 8.0, 8.0], ['What specific mechanisms, if any, did the international community or Kuwaiti government employ to compensate expatriates who lost their accumulated wealth during the invasion?', 'What specific mechanisms, if any, did the international community or Kuwaiti government employ to compensate expatriates who lost their accumulated wealth during the invasion?', 'What specific mechanisms, if any, did the international community or Kuwaiti government employ to compensate expatriates who lost their accumulated wealth during the invasion?', 'What specific mechanisms, if any, did the international community or Kuwaiti government employ to compensate expatriates who lost their accumulated wealth during the invasion?', 8.0, 8.0, 8.0, 8.0]] 
Mario/qwen/sheet_30_annotations_JAKIMOSKI.csv;15;[['Does the shift from unpredictability to predictability fundamentally alter the classification of an event from a disaster to merely a crisis?', 'Does the shift from unpredictability to predictability fundamentally alter the classification of an event from a disaster to merely a crisis?', 'Does the shift from unpredictability to predictability fundamentally alter the classification of an event from a disaster to merely a crisis?', 'Does the shift from unpredictability to predictability fundamentally alter the classification of an event from a disaster to merely a crisis?', 8.0, 8.0, 8.0, 8], ['To what extent does the availability of early warning systems transform the nature of the event itself versus the severity of the impact?', 'To what extent does the availability of early warning systems transform the nature of the event itself versus the severity of the impact?', 'To what extent does the availability of early warning systems transform the nature of the event itself versus the severity of the impact?', 'To what extent does the availability of early warning systems transform the nature of the event itself versus the severity of the impact?', 8.0, 8.0, 8.0, 8], ['Can an event remain classified as a disaster even if it was accurately forecasted, provided the mitigation measures were insufficient to prevent significant distress?', 'Can an event remain classified as a disaster even if it was accurately forecasted, provided the mitigation measures were insufficient to prevent significant distress?', 'Can an event remain classified as a disaster even if it was accurately forecasted, provided the mitigation measures were insufficient to prevent significant distress?', 'Can an event remain classified as a disaster even if it was accurately forecasted, provided the mitigation measures were insufficient to prevent significant distress?', 8.0, 8.0, 8.0, 8], ['How does the concept of risk-taking specifically influence the decision-making processes of international relief agencies when they choose whether or not to intervene?', 'How does the concept of risk-taking specifically influence the decision-making processes of international relief agencies when they choose whether or not to intervene?', 'How does the concept of risk-taking specifically influence the decision-making processes of international relief agencies when they choose whether or not to intervene?', 'How does the concept of risk-taking specifically influence the decision-making processes of international relief agencies when they choose whether or not to intervene?', 8.0, 8.0, 8.0, 8], ['Can you elaborate on the theoretical distinction between a situation being a calculated risk and a situation becoming a disaster from the perspective of your research?', 'Can you elaborate on the theoretical distinction between a situation being a calculated risk and a situation becoming a disaster from the perspective of your research?', 'Can you elaborate on the theoretical distinction between a situation being a calculated risk and a situation becoming a disaster from the perspective of your research?', 'Can you elaborate on the theoretical distinction between a situation being a calculated risk and a situation becoming a disaster from the perspective of your research?', 8.0, 8.0, 8.0, 8], ['How does your research methodology differ when analyzing sudden onset events like earthquakes compared to slow-onset disasters like floods?', 'How does your research methodology differ when analyzing sudden onset events like earthquakes compared to slow-onset disasters like floods?', 'How does your research methodology differ when analyzing sudden onset events like earthquakes compared to slow-onset disasters like floods?', 'How does your research methodology differ when analyzing sudden onset events like earthquakes compared to slow-onset disasters like floods?', 8.0, 8.0, 8.0, 8], ['Given the resource constraints you mentioned earlier, how does your institute prioritize which specific disaster types or geographic regions to focus on for immediate research and intervention?', 'Given the resource constraints you mentioned earlier, how does your institute prioritize which specific disaster types or geographic regions to focus on for immediate research and intervention?', 'Given the resource constraints you mentioned earlier, how does your institute prioritize which specific disaster types or geographic regions to focus on for immediate research and intervention?', 'Given the resource constraints you mentioned earlier, how does your institute prioritize which specific disaster types or geographic regions to focus on for immediate research and intervention?', 8.0, 8.0, 8.0, 8], ['How do you balance the ethical challenges of conducting research in the immediate aftermath of a real disaster with the need for data accuracy?', 'How do you balance the ethical challenges of conducting research in the immediate aftermath of a real disaster with the need for data accuracy?', 'How do you balance the ethical challenges of conducting research in the immediate aftermath of a real disaster with the need for data accuracy?', 'How do you balance the ethical challenges of conducting research in the immediate aftermath of a real disaster with the need for data accuracy?', 8.0, 8.0, 8.0, 8], ['When your models predict a potential catastrophe, how effectively have those theoretical projections been used to alter actual policy or preparedness strategies in the past?', 'When your models predict a potential catastrophe, how effectively have those theoretical projections been used to alter actual policy or preparedness strategies in the past?', 'When your models predict a potential catastrophe, how effectively have those theoretical projections been used to alter actual policy or preparedness strategies in the past?', 'When your models predict a potential catastrophe, how effectively have those theoretical projections been used to alter actual policy or preparedness strategies in the past?', 8.0, 8.0, 8.0, 8], ['How do these voluntary agents balance their reliance on public fundraising with the need for strategic, pre-disaster preparedness?', 'How do these voluntary agents balance their reliance on public fundraising with the need for strategic, pre-disaster preparedness?', 'How do these voluntary agents balance their reliance on public fundraising with the need for strategic, pre-disaster preparedness?', 'How do these voluntary agents balance their reliance on public fundraising with the need for strategic, pre-disaster preparedness?', 8.0, 8.0, 8.0, 8], ['In what ways do the political constraints affecting government aid manifest differently for independent organizations like Oxfam or Christian Aid?', 'In what ways do the political constraints affecting government aid manifest differently for independent organizations like Oxfam or Christian Aid?', 'In what ways do the political constraints affecting government aid manifest differently for independent organizations like Oxfam or Christian Aid?', 'In what ways do the political constraints affecting government aid manifest differently for independent organizations like Oxfam or Christian Aid?', 8.0, 8.0, 8.0, 8], ['Are there specific scenarios, such as chemical plant failures or urban flooding, that you consider high-probability domestic disasters currently lacking in our national contingency plans?', 'Are there specific scenarios, such as chemical plant failures or urban flooding, that you consider high-probability domestic disasters currently lacking in our national contingency plans?', 'Are there specific scenarios, such as chemical plant failures or urban flooding, that you consider high-probability domestic disasters currently lacking in our national contingency plans?', 'Are there specific scenarios, such as chemical plant failures or urban flooding, that you consider high-probability domestic disasters currently lacking in our national contingency plans?', 8.0, 8.0, 8.0, 8], ['Given the earlier point that developed nations like the UK have the resources to mitigate vulnerability, why do you think political or bureaucratic inertia prevents the implementation of preventative measures for these overlooked domestic risks?', 'Given the earlier point that developed nations like the UK have the resources to mitigate vulnerability, why do you think political or bureaucratic inertia prevents the implementation of preventative measures for these overlooked domestic risks?', 'Given the earlier point that developed nations like the UK have the resources to mitigate vulnerability, why do you think political or bureaucratic inertia prevents the implementation of preventative measures for these overlooked domestic risks?', 'Given the earlier point that developed nations like the UK have the resources to mitigate vulnerability, why do you think political or bureaucratic inertia prevents the implementation of preventative measures for these overlooked domestic risks?', 8.0, 8.0, 8.0, 8], ['Which specific region or ongoing crisis would you identify as the most critical example requiring immediate international focus right now?', 'Which specific region or ongoing crisis would you identify as the most critical example requiring immediate international focus right now?', 'Which specific region or ongoing crisis would you identify as the most critical example requiring immediate international focus right now?', 'Which specific region or ongoing crisis would you identify as the most critical example requiring immediate international focus right now?', 8.0, 8.0, 8.0, 8], ['Which specific region or ongoing crisis would you identify as the most critical example requiring immediate international focus right now?', 'Which specific region or ongoing crisis would you identify as the most critical example requiring immediate international focus right now?', 'Which specific region or ongoing crisis would you identify as the most critical example requiring immediate international focus right now?', 'Which specific region or ongoing crisis would you identify as the most critical example requiring immediate international focus right now?', 8.0, 8.0, 8.0, 8]] 
Mario/qwen/sheet_38_annotations_JAKIMOSKI.csv;4;[['Did you and your friends keep the rabbits you caught or just eat them?', 'Did you and your friends keep the rabbits you caught or just eat them?', 'Did you and your friends keep the rabbits you caught or just eat them?', 'Did you and your friends keep the rabbits you caught or just eat them?', 8.0, 8.0, 8.0, 8.0], ['Who specifically enforced the rule against keeping the rabbits?', 'Who specifically enforced the rule against keeping the rabbits?', 'Who specifically enforced the rule against keeping the rabbits?', 'Who specifically enforced the rule against keeping the rabbits?', 8.0, 8.0, 8.0, 8.0], ["What happened to the rabbits after they were caught if they couldn't be kept?", "What happened to the rabbits after they were caught if they couldn't be kept?", "What happened to the rabbits after they were caught if they couldn't be kept?", "What happened to the rabbits after they were caught if they couldn't be kept?", 8.0, 8.0, 8.0, 8.0], ['Why was woodwork separated from the regular school curriculum and taught at a different location?', 'Why was woodwork separated from the regular school curriculum and taught at a different location?', 'Why was woodwork separated from the regular school curriculum and taught at a different location?', 'Why was woodwork separated from the regular school curriculum and taught at a different location?', 8.0, 8.0, 8.0, 8.0]] 
Mario/qwen/sheet_39_annotations_JAKIMOSKI.csv;5;[['What time tomorrow is the new suite arriving?', 'What time tomorrow is the new suite arriving?', 'What time tomorrow is the new suite arriving?', 'What time tomorrow is the new suite arriving?', 8.0, 8.0, 8.0, 8.0], ['Why are you insisting that I am not speaking to me when I clearly heard you call my name?', 'Why are you insisting that I am not speaking to me when I clearly heard you call my name?', 'Why are you insisting that I am not speaking to me when I clearly heard you call my name?', 'Why are you insisting that I am not speaking to me when I clearly heard you call my name?', 0.0, 0.0, 0.0, 0.0], ['What specific content was PS0WN attempting to convey in the final unclear utterance?', 'What specific content was PS0WN attempting to convey in the final unclear utterance?', 'What specific content was PS0WN attempting to convey in the final unclear utterance?', 'What specific content was PS0WN attempting to convey in the final unclear utterance?', 2.0, 2.0, 2.0, 2.0], ["Is the unclear utterance a continuation of the negotiation regarding the drama class or a new shift in the conversation's topic?", "Is the unclear utterance a continuation of the negotiation regarding the drama class or a new shift in the conversation's topic?", "Is the unclear utterance a continuation of the negotiation regarding the drama class or a new shift in the conversation's topic?", "Is the unclear utterance a continuation of the negotiation regarding the drama class or a new shift in the conversation's topic?", 2.0, 2.0, 2.0, 2.0], ['Does the "Teenage Hero Turtles" episode end early enough to permit a departure by that time?', 'Does the "Teenage Hero Turtles" episode end early enough to permit a departure by that time?', 'Does the "Teenage Hero Turtles" episode end early enough to permit a departure by that time?', 'Does the "Teenage Hero Turtles" episode end early enough to permit a departure by that time?', 8.0, 8.0, 8.0, 8.0]] 
Mario/qwen/sheet_50_annotations_JAKIMOSKI.csv;2;[['What exactly happened after they locked the boot?', 'What exactly happened after they locked the boot?', 'What exactly happened after they locked the boot?', 'What exactly happened after they locked the boot?', 8.0, 8.0, 8.0, 8.0], ['Why did the conversation become unclear at that point?', 'Why did the conversation become unclear at that point?', 'Why did the conversation become unclear at that point?', 'Why did the conversation become unclear at that point?', 2.0, 2.0, 2.0, 2.0]] 
Mario/qwen/sheet_7_annotations_JAKIMOSKI.csv;8;[['What exactly was the unclear utterance from PS1VJ that required PS1VH to apologize?', 'What exactly was the unclear utterance from PS1VJ that required PS1VH to apologize?', 'What exactly was the unclear utterance from PS1VJ that required PS1VH to apologize?', 'What exactly was the unclear utterance from PS1VJ that required PS1VH to apologize?', 2.0, 2.0, 2.0, 2.0], ['What specific aspect of the performance or the script did you find unclear just now?', 'What specific aspect of the performance or the script did you find unclear just now?', 'What specific aspect of the performance or the script did you find unclear just now?', 'What specific aspect of the performance or the script did you find unclear just now?', 2.0, 2.0, 2.0, 2.0], ['Is there something you intended to say about the final paragraph that got cut off by the unclear sound?', 'Is there something you intended to say about the final paragraph that got cut off by the unclear sound?', 'Is there something you intended to say about the final paragraph that got cut off by the unclear sound?', 'Is there something you intended to say about the final paragraph that got cut off by the unclear sound?', 2.0, 2.0, 2.0, 2.0], ['What specific clarification about the unclear sound was G3UPSUNK attempting to convey?', 'What specific clarification about the unclear sound was G3UPSUNK attempting to convey?', 'What specific clarification about the unclear sound was G3UPSUNK attempting to convey?', 'What specific clarification about the unclear sound was G3UPSUNK attempting to convey?', 2.0, 2.0, 2.0, 2.0], ['Which specific country is currently the primary supplier of coffee for the organization mentioned?', 'Which specific country is currently the primary supplier of coffee for the organization mentioned?', 'Which specific country is currently the primary supplier of coffee for the organization mentioned?', 'Which specific country is currently the primary supplier of coffee for the organization mentioned?', 8.0, 8.0, 8.0, 8.0], ['Has this main supplier changed compared to previous years given the price fluctuations discussed?', 'Has this main supplier changed compared to previous years given the price fluctuations discussed?', 'Has this main supplier changed compared to previous years given the price fluctuations discussed?', 'Has this main supplier changed compared to previous years given the price fluctuations discussed?', 8.0, 8.0, 8.0, 8.0], ["How much of the UK's coffee imports specifically come from Uganda compared to other sources?", "How much of the UK's coffee imports specifically come from Uganda compared to other sources?", "How much of the UK's coffee imports specifically come from Uganda compared to other sources?", "How much of the UK's coffee imports specifically come from Uganda compared to other sources?", 8.0, 8.0, 8.0, 8.0], ['What is the current price of coffee beans paid to Ugandan farmers relative to the market price in the UK?', 'What is the current price of coffee beans paid to Ugandan farmers relative to the market price in the UK?', 'What is the current price of coffee beans paid to Ugandan farmers relative to the market price in the UK?', 'What is the current price of coffee beans paid to Ugandan farmers relative to the market price in the UK?', 8.0, 8.0, 8.0, 8.0]] 
